iso_time,elapsed_s,speed_mph,speed_kmh,elev_0845,elev_0850,vert_0841,c1418,routine
2026-06-27T22:57:08,0.0,0.0,0,0.278,0.2456,-0.177,143,01 01 00 02
2026-06-27T22:57:10,1.3,0.0,0,0.278,0.2456,-0.177,143,01 01 00 02
2026-06-27T22:57:11,2.7,0.0,0,0.278,0.2456,-0.18,143,01 01 00 02
2026-06-27T22:57:12,4.0,0.0,0,0.278,0.2456,-0.177,143,01 01 00 02
2026-06-27T22:57:14,5.3,0.0,0,0.278,0.2456,-0.177,143,01 01 00 02
2026-06-27T22:57:15,6.7,0.0,0,0.278,0.2456,-0.177,143,01 01 00 02
2026-06-27T22:57:16,8.0,0.0,0,0.278,0.2456,1.286,143,21 01 00 02
2026-06-27T22:57:18,9.3,1.9,3,0.278,0.2456,1.601,143,21 01 00 02
2026-06-27T22:57:19,10.6,3.1,5,0.278,0.2456,0.425,143,21 01 00 02
2026-06-27T22:57:20,12.0,3.7,6,0.278,0.2456,0.059,143,21 01 00 02
2026-06-27T22:57:22,13.3,5.0,8,0.278,0.2456,0.644,143,21 01 00 02
2026-06-27T22:57:23,14.6,5.6,9,0.278,0.2456,0.273,143,21 01 00 02
2026-06-27T22:57:24,16.0,6.8,11,0.278,0.2456,0.057,143,01 01 00 02
2026-06-27T22:57:26,17.3,9.3,15,0.278,0.2456,0.184,143,21 01 00 02
2026-06-27T22:57:27,18.6,11.2,18,0.278,0.2456,0.217,143,01 01 00 02
2026-06-27T22:57:28,20.0,13.0,21,0.278,0.2456,0.217,143,21 01 00 02
2026-06-27T22:57:30,21.3,14.9,24,0.278,0.2456,0.193,143,01 01 00 02
2026-06-27T22:57:31,22.6,15.5,25,0.278,0.2456,0.036,143,01 01 00 02
2026-06-27T22:57:32,23.9,14.3,23,0.278,0.2456,-0.153,143,01 01 00 03
2026-06-27T22:57:34,25.3,11.8,19,0.278,0.2456,-0.131,143,09 01 00 02
2026-06-27T22:57:35,26.6,9.3,15,0.278,0.2456,0.016,143,09 01 00 02
2026-06-27T22:57:36,27.9,8.1,13,0.278,0.2456,-0.219,143,09 01 00 02
2026-06-27T22:57:38,29.3,5.6,9,0.278,0.2456,-0.396,143,21 01 00 02
2026-06-27T22:57:39,30.6,2.5,4,0.278,0.2456,0.302,143,09 01 00 02
2026-06-27T22:57:40,31.9,1.9,3,0.278,0.2456,4.908,143,21 01 00 02
2026-06-27T22:57:42,33.3,3.1,5,0.278,0.2456,7.215,143,21 01 00 02
2026-06-27T22:57:43,34.6,5.0,8,0.278,0.2456,7.597,143,21 01 00 02
2026-06-27T22:57:44,35.9,8.1,13,0.278,0.2456,5.452,143,29 01 00 02
2026-06-27T22:57:46,37.2,11.8,19,0.278,0.2456,2.702,143,29 01 00 02
2026-06-27T22:57:47,38.6,14.9,24,0.278,0.2456,1.026,143,29 01 00 02
2026-06-27T22:57:48,39.9,18.0,29,0.278,0.2456,0.034,143,08 01 00 02
2026-06-27T22:57:50,41.2,21.1,34,0.278,0.2456,0.128,143,08 01 00 02
2026-06-27T22:57:51,42.6,25.5,41,0.278,0.2456,0.001,143,08 01 00 02
2026-06-27T22:57:52,43.9,29.2,47,0.278,0.2456,-0.025,143,08 01 00 02
2026-06-27T22:57:54,45.2,32.3,52,0.278,0.2456,0.036,143,00 01 00 02
2026-06-27T22:57:55,46.6,34.2,55,0.278,0.2456,-0.026,143,00 01 00 02
2026-06-27T22:57:56,47.9,36.0,58,0.278,0.2456,-0.046,143,00 01 00 02
2026-06-27T22:57:58,49.2,37.9,61,0.278,0.2456,0.024,143,00 01 00 02
2026-06-27T22:57:59,50.5,38.5,62,0.278,0.2456,-0.011,143,00 01 00 02
2026-06-27T22:58:00,51.9,39.8,64,0.278,0.2456,-0.006,143,00 01 00 02
2026-06-27T22:58:02,53.2,40.4,65,0.278,0.2456,-0.028,143,00 01 00 02
2026-06-27T22:58:03,54.5,39.8,64,0.278,0.2456,-0.011,143,00 01 00 02
2026-06-27T22:58:04,55.9,39.8,64,0.278,0.2456,0.065,143,00 01 00 03
2026-06-27T22:58:06,57.2,40.4,65,0.278,0.2456,-0.11,143,00 01 00 02
2026-06-27T22:58:07,58.5,41.0,66,0.278,0.2456,-0.02,143,00 01 00 02
2026-06-27T22:58:08,59.9,41.6,67,0.278,0.2456,-0.046,143,00 01 00 02
2026-06-27T22:58:10,61.2,42.3,68,0.278,0.2456,0.049,143,00 01 00 02
2026-06-27T22:58:11,62.5,42.9,69,0.278,0.2456,-0.018,143,00 01 00 02
2026-06-27T22:58:12,63.8,42.9,69,0.278,0.2456,0.034,143,00 01 00 02
2026-06-27T22:58:14,65.2,43.5,70,0.278,0.2456,-0.025,143,00 01 00 02
2026-06-27T22:58:15,66.5,44.1,71,0.278,0.2456,-0.049,143,00 01 00 02
2026-06-27T22:58:16,67.8,44.7,72,0.278,0.2456,-0.022,143,00 01 00 02
2026-06-27T22:58:18,69.2,45.4,73,0.278,0.2456,-0.003,143,00 01 00 02
2026-06-27T22:58:19,70.5,45.4,73,0.278,0.2456,-0.008,143,00 01 00 02
2026-06-27T22:58:20,71.8,46.0,74,0.278,0.2456,0.011,143,00 01 00 02
2026-06-27T22:58:22,73.2,46.0,74,0.278,0.2456,0.03,143,00 01 00 02
2026-06-27T22:58:23,74.5,47.2,76,0.278,0.2456,0.057,143,00 01 00 02
2026-06-27T22:58:24,75.8,47.2,76,0.278,0.2456,-0.034,143,00 01 03 02
2026-06-27T22:58:26,77.1,47.2,76,0.278,0.2456,0.006,143,00 01 03 02
2026-06-27T22:58:27,78.5,47.2,76,0.278,0.2456,0.012,143,00 01 03 02
2026-06-27T22:58:28,79.8,47.2,76,0.278,0.2456,0.049,143,00 01 03 02
2026-06-27T22:58:30,81.1,47.2,76,0.278,0.2456,-0.006,143,00 01 03 02
2026-06-27T22:58:31,82.5,47.8,77,0.278,0.2456,0.008,143,00 01 03 02
2026-06-27T22:58:32,83.8,48.5,78,0.278,0.2456,-0.008,143,00 01 03 02
2026-06-27T22:58:34,85.1,49.1,79,0.278,0.2456,-0.009,143,00 01 03 02
2026-06-27T22:58:35,86.5,49.7,80,0.278,0.2456,0.012,143,00 01 03 02
2026-06-27T22:58:36,87.8,50.3,81,0.278,0.2456,0.028,143,00 01 03 02
2026-06-27T22:58:38,89.1,50.3,81,0.278,0.2456,0.017,143,00 01 03 02
2026-06-27T22:58:39,90.4,49.7,80,0.278,0.2456,-0.006,143,00 01 03 02
2026-06-27T22:58:40,91.8,49.7,80,0.278,0.2456,-0.032,143,00 01 03 02
2026-06-27T22:58:42,93.1,49.7,80,0.278,0.2456,-0.011,143,00 01 03 02
2026-06-27T22:58:43,94.4,50.3,81,0.278,0.2456,0.049,143,00 01 03 02
2026-06-27T22:58:44,95.8,50.3,81,0.278,0.2456,0.012,143,00 01 03 02
2026-06-27T22:58:45,97.1,51.0,82,0.278,0.2456,0.034,143,00 01 03 02
2026-06-27T22:58:47,98.4,50.3,81,0.278,0.2456,0.062,143,00 01 03 02
2026-06-27T22:58:48,99.8,51.6,83,0.278,0.2456,0.009,143,00 01 03 02
2026-06-27T22:58:49,101.1,51.6,83,0.278,0.2456,0.032,143,00 01 04 02
2026-06-27T22:58:51,102.4,51.6,83,0.278,0.2456,-0.008,143,00 01 05 02
2026-06-27T22:58:52,103.7,51.6,83,0.278,0.2456,0.02,143,00 01 05 02
2026-06-27T22:58:53,105.1,51.6,83,0.278,0.2456,0.003,143,00 01 05 02
2026-06-27T22:58:55,106.4,51.6,83,0.278,0.2456,-0.006,143,00 01 05 02
2026-06-27T22:58:56,107.7,51.6,83,0.278,0.2456,-0.009,143,00 01 05 02
2026-06-27T22:58:57,109.1,51.6,83,0.278,0.2456,0.004,143,00 01 05 02
2026-06-27T22:58:59,110.4,51.6,83,0.278,0.2456,0.004,143,00 01 05 02
2026-06-27T22:59:00,111.7,51.6,83,0.278,0.2456,-0.016,143,00 01 05 02
2026-06-27T22:59:01,113.1,52.2,84,0.278,0.2456,-0.038,143,00 01 05 02
2026-06-27T22:59:03,114.4,52.2,84,0.278,0.2456,0.02,143,00 01 05 02
2026-06-27T22:59:04,115.7,52.2,84,0.278,0.2456,-0.008,143,00 01 05 02
2026-06-27T22:59:05,117.0,52.2,84,0.278,0.2456,0.017,143,00 01 05 02
2026-06-27T22:59:07,118.4,51.6,83,0.278,0.2456,0.008,143,00 01 05 02
2026-06-27T22:59:08,119.7,52.2,84,0.278,0.2456,-0.006,143,00 01 05 02
2026-06-27T22:59:09,121.0,52.2,84,0.278,0.2456,-0.004,143,00 01 05 02
2026-06-27T22:59:11,122.4,52.2,84,0.278,0.2456,-0.004,143,00 01 05 02
2026-06-27T22:59:12,123.7,52.2,84,0.278,0.2456,0.018,143,00 01 05 02
2026-06-27T22:59:13,125.0,52.2,84,0.278,0.2456,-0.034,143,00 01 05 02
2026-06-27T22:59:15,126.4,52.2,84,0.278,0.2456,-0.008,143,00 01 05 02
2026-06-27T22:59:16,127.7,52.2,84,0.278,0.2456,0.011,143,00 01 05 02
2026-06-27T22:59:17,129.0,51.6,83,0.278,0.2456,-0.06,143,00 01 05 02
2026-06-27T22:59:19,130.3,51.6,83,0.278,0.2456,-0.075,143,00 01 06 00
2026-06-27T22:59:20,131.7,51.6,83,0.278,0.2456,0.014,143,00 01 09 00
2026-06-27T22:59:21,133.0,51.6,83,0.278,0.2456,-0.009,143,00 01 0E 00
2026-06-27T22:59:23,134.3,51.6,83,0.278,0.2456,0.012,143,00 01 12 00
2026-06-27T22:59:24,135.6,51.6,83,0.278,0.2456,0.008,143,00 01 17 00
2026-06-27T22:59:25,137.0,51.6,83,0.278,0.2456,-0.008,143,00 01 1B 00
2026-06-27T22:59:27,138.3,51.6,83,0.278,0.2456,-0.054,143,00 01 1F 00
2026-06-27T22:59:28,139.6,51.6,83,0.278,0.2456,-0.004,143,00 01 23 00
2026-06-27T22:59:29,141.0,51.6,83,0.278,0.2456,-0.004,143,00 01 26 00
2026-06-27T22:59:31,142.3,52.2,84,0.278,0.2456,-0.02,143,00 01 29 00
2026-06-27T22:59:32,143.6,51.6,83,0.278,0.2456,0.017,143,00 01 2B 00
2026-06-27T22:59:33,145.0,51.6,83,0.278,0.2456,-0.02,143,00 01 2C 00
2026-06-27T22:59:35,146.3,52.2,84,0.278,0.2456,0.009,143,00 01 2D 00
2026-06-27T22:59:36,147.6,52.2,84,0.278,0.2456,-0.012,143,00 01 2E 00
2026-06-27T22:59:37,149.0,52.2,84,0.278,0.2456,0.004,143,00 01 2E 00
2026-06-27T22:59:39,150.3,52.2,84,0.278,0.2456,0.012,143,00 01 2E 00
2026-06-27T22:59:40,151.6,52.2,84,0.278,0.2456,0.009,143,00 01 2F 00
2026-06-27T22:59:41,152.9,51.6,83,0.278,0.2456,0.0,143,00 01 31 00
2026-06-27T22:59:43,154.3,51.0,82,0.278,0.2456,-0.009,143,00 01 31 00
2026-06-27T22:59:44,155.6,50.3,81,0.278,0.2456,-0.028,143,00 01 31 00
2026-06-27T22:59:45,156.9,49.7,80,0.278,0.2456,0.025,143,00 01 32 00
2026-06-27T22:59:47,158.3,49.7,80,0.278,0.2456,0.0,143,00 01 33 00
2026-06-27T22:59:48,159.6,49.7,80,0.278,0.2456,0.009,143,00 01 33 00
2026-06-27T22:59:49,160.9,49.7,80,0.278,0.2456,0.011,143,00 01 33 00
2026-06-27T22:59:51,162.3,49.7,80,0.278,0.2456,-0.006,143,00 01 33 00
2026-06-27T22:59:52,163.6,49.7,80,0.278,0.2456,-0.003,143,00 01 33 00
2026-06-27T22:59:53,164.9,49.7,80,0.278,0.2456,0.003,143,00 01 33 00
2026-06-27T22:59:55,166.2,49.7,80,0.278,0.2456,0.046,143,00 01 33 00
2026-06-27T22:59:56,167.6,49.7,80,0.278,0.2456,0.009,143,00 01 33 00
2026-06-27T22:59:57,168.9,49.7,80,0.278,0.2456,-0.011,143,00 01 35 00
2026-06-27T22:59:59,170.2,49.7,80,0.278,0.2456,-0.03,143,00 01 36 00
2026-06-27T23:00:00,171.6,49.7,80,0.278,0.2456,0.008,143,00 01 36 00
2026-06-27T23:00:01,172.9,49.7,80,0.278,0.2456,-0.004,143,00 01 36 00
2026-06-27T23:00:03,174.2,49.7,80,0.278,0.2456,-0.003,143,00 01 36 00
2026-06-27T23:00:04,175.5,49.7,80,0.278,0.2456,-0.006,143,00 01 36 00
2026-06-27T23:00:05,176.9,49.7,80,0.278,0.2456,0.034,143,00 01 36 00
2026-06-27T23:00:07,178.2,49.7,80,0.278,0.2456,0.001,143,00 01 36 00
2026-06-27T23:00:08,179.5,49.7,80,0.278,0.2456,0.02,143,00 01 38 00
2026-06-27T23:00:09,180.9,49.7,80,0.278,0.2456,-0.034,143,00 01 38 00
2026-06-27T23:00:11,182.2,49.7,80,0.278,0.2456,-0.012,143,00 01 38 00
2026-06-27T23:00:12,183.5,49.7,80,0.278,0.2456,0.071,143,00 01 38 00
2026-06-27T23:00:13,184.9,49.7,80,0.278,0.2456,-0.003,143,00 01 38 00
2026-06-27T23:00:15,186.2,49.7,80,0.278,0.2456,0.004,143,00 01 38 00
2026-06-27T23:00:16,187.5,49.7,80,0.278,0.2456,0.014,143,00 01 38 00
2026-06-27T23:00:17,188.8,49.7,80,0.278,0.2456,0.022,143,00 01 39 00
2026-06-27T23:00:19,190.2,49.7,80,0.278,0.2456,-0.085,143,00 01 39 00
2026-06-27T23:00:20,191.5,49.7,80,0.278,0.2456,-0.001,143,00 01 39 00
2026-06-27T23:00:21,192.8,49.7,80,0.278,0.2456,0.009,143,00 01 39 00
2026-06-27T23:00:23,194.2,49.7,80,0.278,0.2456,0.022,143,00 01 39 00
2026-06-27T23:00:24,195.5,49.7,80,0.278,0.2456,0.017,143,00 01 39 00
2026-06-27T23:00:25,196.8,49.7,80,0.278,0.2456,-0.011,143,00 01 39 00
2026-06-27T23:00:27,198.2,49.7,80,0.278,0.2456,0.009,143,00 01 3A 00
2026-06-27T23:00:28,199.5,49.7,80,0.278,0.2456,0.028,143,00 01 3A 00
2026-06-27T23:00:29,200.8,49.7,80,0.278,0.2456,-0.011,143,00 01 3A 00
2026-06-27T23:00:31,202.1,49.7,80,0.278,0.2456,0.011,143,00 01 3A 00
2026-06-27T23:00:32,203.5,49.7,80,0.278,0.2456,-0.003,143,00 01 3A 00
2026-06-27T23:00:33,204.8,49.7,80,0.278,0.2456,0.02,143,00 01 3A 00
2026-06-27T23:00:35,206.1,49.7,80,0.278,0.2456,0.012,143,00 01 3A 00
2026-06-27T23:00:36,207.5,49.7,80,0.278,0.2456,-0.008,143,00 01 3A 00
2026-06-27T23:00:37,208.8,49.7,80,0.278,0.2456,-0.006,143,00 01 3A 00
2026-06-27T23:00:39,210.1,49.7,80,0.278,0.2456,-0.006,143,00 01 3A 00
2026-06-27T23:00:40,211.5,49.7,80,0.278,0.2456,0.032,143,00 01 3A 00
2026-06-27T23:00:41,212.8,49.7,80,0.278,0.2456,0.008,143,00 01 3A 00
2026-06-27T23:00:43,214.1,49.7,80,0.278,0.2456,-0.009,143,00 01 3A 00
2026-06-27T23:00:44,215.4,49.7,80,0.278,0.2456,-0.008,143,00 01 3A 00
2026-06-27T23:00:45,216.8,49.7,80,0.278,0.2456,0.038,143,00 01 3A 00
2026-06-27T23:00:47,218.1,49.7,80,0.278,0.2456,0.044,143,00 01 3A 00
2026-06-27T23:00:48,219.4,49.7,80,0.278,0.2456,0.008,143,00 01 3B 00
2026-06-27T23:00:49,220.8,49.7,80,0.278,0.2456,0.009,143,00 01 3B 00
2026-06-27T23:00:51,222.1,49.7,80,0.278,0.2456,0.009,143,00 01 3B 00
2026-06-27T23:00:52,223.4,49.7,80,0.278,0.2456,-0.024,143,00 01 3B 00
2026-06-27T23:00:53,224.8,49.7,80,0.278,0.2456,0.017,143,00 01 3B 00
2026-06-27T23:00:55,226.1,49.7,80,0.278,0.2456,0.004,143,00 01 3B 00
2026-06-27T23:00:56,227.4,49.7,80,0.278,0.2456,0.012,143,00 01 3B 00
2026-06-27T23:00:57,228.7,49.7,80,0.278,0.2456,0.0,143,00 01 3B 00
2026-06-27T23:00:58,230.1,49.7,80,0.278,0.2456,-0.028,143,00 01 3B 00
2026-06-27T23:01:00,231.4,49.7,80,0.278,0.2456,0.018,143,00 01 3B 00
2026-06-27T23:01:01,232.7,49.7,80,0.278,0.2456,-0.011,143,00 01 3B 00
2026-06-27T23:01:02,234.1,49.7,80,0.278,0.2456,0.041,143,00 01 3B 00
2026-06-27T23:01:04,235.4,49.7,80,0.278,0.2456,0.011,143,00 01 3B 00
2026-06-27T23:01:05,236.7,49.7,80,0.278,0.2456,0.011,143,00 01 3B 00
2026-06-27T23:01:06,238.1,49.7,80,0.278,0.2456,0.016,143,00 01 3B 00
2026-06-27T23:01:08,239.4,49.7,80,0.278,0.2456,0.009,143,00 01 3B 00
2026-06-27T23:01:09,240.7,49.7,80,0.278,0.2456,0.009,143,00 01 3B 00
2026-06-27T23:01:10,242.0,49.7,80,0.278,0.2456,0.011,143,00 01 3C 00
2026-06-27T23:01:12,243.4,49.7,80,0.278,0.2456,-0.009,143,00 01 3C 00
2026-06-27T23:01:13,244.7,49.7,80,0.278,0.2456,-0.008,143,00 01 3C 00
2026-06-27T23:01:14,246.0,49.7,80,0.278,0.2456,0.011,143,00 01 3C 00
2026-06-27T23:01:16,247.4,49.7,80,0.278,0.2456,-0.052,143,00 01 3C 00
2026-06-27T23:01:17,248.7,49.7,80,0.278,0.2456,0.044,143,00 01 3C 00
2026-06-27T23:01:18,250.0,49.7,80,0.278,0.2456,0.006,143,00 01 3C 00
2026-06-27T23:01:20,251.4,49.7,80,0.278,0.2456,-0.001,143,00 01 3D 00
2026-06-27T23:01:21,252.7,49.7,80,0.278,0.2456,0.025,143,00 01 3D 00
2026-06-27T23:01:22,254.0,49.7,80,0.278,0.2456,0.022,143,00 01 3D 00
2026-06-27T23:01:24,255.3,49.7,80,0.278,0.2456,0.02,143,00 01 3D 00
2026-06-27T23:01:25,256.7,49.7,80,0.278,0.2456,0.011,143,00 01 3D 00
2026-06-27T23:01:26,258.0,49.7,80,0.278,0.2456,-0.001,143,00 01 3D 00
2026-06-27T23:01:28,259.3,49.7,80,0.278,0.2456,-0.008,143,00 01 3D 00
2026-06-27T23:01:29,260.7,49.7,80,0.278,0.2456,0.032,143,00 01 3D 00
2026-06-27T23:01:30,262.0,49.7,80,0.278,0.2456,-0.006,143,00 01 3D 00
2026-06-27T23:01:32,263.3,49.7,80,0.278,0.2456,0.028,143,00 01 3D 00
2026-06-27T23:01:33,264.7,49.7,80,0.278,0.2456,-0.003,143,00 01 3D 00
2026-06-27T23:01:34,266.0,49.7,80,0.278,0.2456,-0.006,143,00 01 3D 00
2026-06-27T23:01:36,267.3,49.7,80,0.278,0.2456,0.011,143,00 01 3D 00
2026-06-27T23:01:37,268.6,49.7,80,0.278,0.2456,-0.001,143,00 01 3D 00
2026-06-27T23:01:38,270.0,49.7,80,0.278,0.2456,-0.008,143,00 01 3D 00
2026-06-27T23:01:40,271.3,49.7,80,0.278,0.2456,-0.014,143,00 01 3D 00
2026-06-27T23:01:41,272.6,49.7,80,0.278,0.2456,-0.073,143,00 01 3D 00
2026-06-27T23:01:42,274.0,49.7,80,0.278,0.2456,-0.036,143,00 01 3D 00
2026-06-27T23:01:44,275.3,49.7,80,0.278,0.2456,-0.065,143,00 01 3D 00
2026-06-27T23:01:45,276.6,49.7,80,0.278,0.2456,0.011,143,00 01 3D 00
2026-06-27T23:01:46,278.0,49.7,80,0.278,0.2456,0.016,143,00 01 3F 00
2026-06-27T23:01:48,279.3,49.7,80,0.278,0.2456,0.063,143,00 01 3F 00
2026-06-27T23:01:49,280.6,49.7,80,0.278,0.2456,0.113,143,00 01 3F 00
2026-06-27T23:01:50,281.9,49.7,80,0.278,0.2456,0.049,143,00 01 3F 00
2026-06-27T23:01:52,283.3,49.7,80,0.278,0.2456,0.06,143,00 01 3F 00
2026-06-27T23:01:53,284.6,49.7,80,0.278,0.2456,0.123,143,00 01 3F 00
2026-06-27T23:01:54,285.9,49.7,80,0.278,0.2456,0.102,143,00 01 3F 00
2026-06-27T23:01:56,287.3,49.7,80,0.278,0.2456,0.073,143,00 01 3F 00
2026-06-27T23:01:57,288.6,49.7,80,0.278,0.2456,0.078,143,00 01 3F 00
2026-06-27T23:01:58,289.9,49.7,80,0.278,0.2456,0.018,143,00 01 3F 00
2026-06-27T23:02:00,291.3,49.7,80,0.278,0.2456,-0.11,143,00 01 3F 00
2026-06-27T23:02:01,292.6,49.7,80,0.278,0.2456,-0.026,143,00 01 3F 00
2026-06-27T23:02:02,293.9,49.7,80,0.278,0.2456,0.001,143,00 01 3F 00
2026-06-27T23:02:04,295.2,49.7,80,0.278,0.2456,-0.123,143,00 01 3F 00
2026-06-27T23:02:05,296.6,49.7,80,0.278,0.2456,-0.014,143,00 01 3F 00
2026-06-27T23:02:06,297.9,49.7,80,0.278,0.2456,-0.016,143,00 01 3F 00
2026-06-27T23:02:08,299.2,49.7,80,0.278,0.2456,-0.03,143,00 01 3F 00
2026-06-27T23:02:09,300.6,49.7,80,0.278,0.2456,-0.014,143,00 01 3F 00
2026-06-27T23:02:10,301.9,49.7,80,0.278,0.2456,-0.052,143,00 01 3F 00
2026-06-27T23:02:12,303.2,49.7,80,0.278,0.2456,-0.164,143,00 01 3F 00
2026-06-27T23:02:13,304.6,49.7,80,0.278,0.2456,-0.153,143,00 01 3F 00
2026-06-27T23:02:14,305.9,49.7,80,0.278,0.2456,-0.152,143,00 01 3F 00
2026-06-27T23:02:16,307.2,49.7,80,0.278,0.2456,-0.123,143,00 01 3F 00
2026-06-27T23:02:17,308.5,49.7,80,0.278,0.2456,-0.116,143,00 01 3F 00
2026-06-27T23:02:18,309.9,49.7,80,0.278,0.2456,-0.126,143,00 01 3F 00
2026-06-27T23:02:20,311.2,49.7,80,0.278,0.2456,-0.093,143,00 01 3F 00
2026-06-27T23:02:21,312.5,49.7,80,0.278,0.2456,-0.009,143,00 01 3F 00
2026-06-27T23:02:22,313.9,49.7,80,0.278,0.2456,0.02,143,00 01 3F 00
2026-06-27T23:02:24,315.2,49.7,80,0.278,0.2456,-0.006,143,00 01 3F 00
2026-06-27T23:02:25,316.5,49.7,80,0.278,0.2456,0.014,143,00 01 3F 00
2026-06-27T23:02:26,317.9,49.7,80,0.278,0.2456,0.014,143,00 01 3F 00
2026-06-27T23:02:28,319.2,49.7,80,0.278,0.2456,0.003,143,00 01 3F 00
2026-06-27T23:02:29,320.5,49.7,80,0.278,0.2456,0.008,143,00 01 3F 00
2026-06-27T23:02:30,321.8,49.7,80,0.278,0.2456,-0.001,143,00 01 3F 00
2026-06-27T23:02:32,323.2,49.7,80,0.278,0.2456,-0.014,143,00 01 3F 00
2026-06-27T23:02:33,324.5,49.7,80,0.278,0.2456,-0.024,143,00 01 3F 00
2026-06-27T23:02:34,325.8,49.7,80,0.278,0.2456,-0.046,143,00 01 3F 00
2026-06-27T23:02:36,327.2,49.7,80,0.278,0.2456,-0.008,143,00 01 3F 00
2026-06-27T23:02:37,328.5,49.7,80,0.278,0.2456,0.011,143,00 01 3F 00
2026-06-27T23:02:38,329.8,49.7,80,0.278,0.2456,0.011,143,00 01 3F 00
2026-06-27T23:02:40,331.2,49.7,80,0.278,0.2456,0.042,143,00 01 3F 00
2026-06-27T23:02:41,332.5,49.7,80,0.278,0.2456,-0.057,143,00 01 3F 00
2026-06-27T23:02:42,333.8,49.7,80,0.278,0.2456,-0.025,143,00 01 3F 00
2026-06-27T23:02:44,335.1,49.7,80,0.278,0.2456,0.034,143,00 01 3F 00
2026-06-27T23:02:45,336.5,49.7,80,0.278,0.2456,-0.036,143,00 01 3F 00
2026-06-27T23:02:46,337.8,49.7,80,0.278,0.2456,0.018,143,00 01 3F 00
2026-06-27T23:02:48,339.1,49.7,80,0.278,0.2456,0.025,143,00 01 3F 00
2026-06-27T23:02:49,340.5,49.7,80,0.278,0.2456,0.042,143,00 01 3F 00
2026-06-27T23:02:50,341.8,49.7,80,0.278,0.2456,0.024,143,00 01 3F 00
2026-06-27T23:02:52,343.1,49.7,80,0.278,0.2456,-0.011,143,00 01 3F 00
2026-06-27T23:02:53,344.5,49.7,80,0.278,0.2456,0.009,143,00 01 3F 00
2026-06-27T23:02:54,345.8,49.7,80,0.278,0.2456,0.017,143,00 01 3F 00
2026-06-27T23:02:56,347.1,49.7,80,0.278,0.2456,0.011,143,00 01 3F 00
2026-06-27T23:02:57,348.4,49.7,80,0.278,0.2456,0.012,143,00 01 3F 00
2026-06-27T23:02:58,349.8,49.7,80,0.278,0.2456,0.036,143,00 01 3F 00
2026-06-27T23:03:00,351.1,49.7,80,0.278,0.2456,0.016,143,00 01 3F 00
2026-06-27T23:03:01,352.4,49.7,80,0.278,0.2456,-0.004,143,00 01 3F 00
2026-06-27T23:03:02,353.8,49.7,80,0.278,0.2456,-0.014,143,00 01 3F 00
2026-06-27T23:03:03,355.1,49.7,80,0.278,0.2456,-0.016,143,00 01 3F 00
2026-06-27T23:03:05,356.4,49.7,80,0.278,0.2456,0.065,143,00 01 3F 00
2026-06-27T23:03:06,357.8,49.7,80,0.278,0.2456,0.014,143,00 01 3F 00
2026-06-27T23:03:07,359.1,48.5,78,0.278,0.2456,-0.014,143,00 01 3F 00
2026-06-27T23:03:09,360.4,47.8,77,0.278,0.2456,0.032,143,00 01 3F 00
2026-06-27T23:03:10,361.7,47.8,77,0.278,0.2456,-0.028,143,00 01 3F 00
2026-06-27T23:03:11,363.1,47.2,76,0.278,0.2456,0.016,143,00 01 3F 00
2026-06-27T23:03:13,364.4,47.2,76,0.278,0.2456,-0.004,143,00 01 3F 00
2026-06-27T23:03:14,365.7,46.6,75,0.278,0.2456,0.009,143,00 01 3F 00
2026-06-27T23:03:15,367.1,46.6,75,0.278,0.2456,0.008,143,00 01 3F 00
2026-06-27T23:03:17,368.4,46.6,75,0.278,0.2456,0.001,143,00 01 40 00
2026-06-27T23:03:18,369.7,46.6,75,0.278,0.2456,0.011,143,00 01 40 00
2026-06-27T23:03:19,371.1,46.6,75,0.278,0.2456,0.008,143,00 01 40 00
2026-06-27T23:03:21,372.4,47.2,76,0.278,0.2456,0.036,143,00 01 40 00
2026-06-27T23:03:22,373.7,46.6,75,0.278,0.2456,-0.001,143,00 01 40 00
2026-06-27T23:03:23,375.0,46.6,75,0.278,0.2456,-0.012,143,00 01 40 00
2026-06-27T23:03:25,376.4,47.2,76,0.278,0.2456,0.03,143,00 01 40 00
2026-06-27T23:03:26,377.7,47.2,76,0.278,0.2456,-0.004,143,00 01 40 00
2026-06-27T23:03:27,379.0,47.2,76,0.278,0.2456,0.028,143,00 01 40 00
2026-06-27T23:03:29,380.4,46.6,75,0.278,0.2456,-0.223,143,20 01 40 00
2026-06-27T23:03:30,381.7,46.6,75,0.278,0.2456,0.018,143,00 01 40 00
2026-06-27T23:03:31,383.0,47.2,76,0.278,0.2456,0.014,143,00 01 40 00
2026-06-27T23:03:33,384.4,47.2,76,0.278,0.2456,0.04,143,00 01 40 00
2026-06-27T23:03:34,385.7,46.6,75,0.278,0.2456,0.056,143,00 01 40 00
2026-06-27T23:03:35,387.0,46.6,75,0.278,0.2456,0.036,143,00 01 40 00
2026-06-27T23:03:37,388.3,46.6,75,0.278,0.2456,-0.014,143,00 01 40 00
2026-06-27T23:03:38,389.7,46.6,75,0.278,0.2456,0.017,143,00 01 40 00
2026-06-27T23:03:39,391.0,46.6,75,0.278,0.2456,0.107,143,00 01 40 00
2026-06-27T23:03:41,392.3,47.2,76,0.278,0.2456,0.008,143,00 01 40 00
2026-06-27T23:03:42,393.7,46.6,75,0.278,0.2456,0.012,143,00 01 40 00
2026-06-27T23:03:43,395.0,46.6,75,0.278,0.2456,-0.02,143,00 01 40 00
2026-06-27T23:03:45,396.3,46.6,75,0.278,0.2456,0.011,143,00 01 40 00
2026-06-27T23:03:46,397.7,46.6,75,0.278,0.2456,-0.052,143,00 01 40 00
2026-06-27T23:03:47,399.0,47.2,76,0.278,0.2456,-0.041,143,00 01 40 00
2026-06-27T23:03:49,400.3,47.2,76,0.278,0.2456,-0.036,143,00 01 40 00
2026-06-27T23:03:50,401.6,46.6,75,0.278,0.2456,-0.02,143,00 01 40 00
2026-06-27T23:03:51,403.0,46.6,75,0.278,0.2456,-0.038,143,00 01 40 00
2026-06-27T23:03:53,404.3,46.6,75,0.278,0.2456,-0.032,143,00 01 40 00
2026-06-27T23:03:54,405.6,46.6,75,0.278,0.2456,0.0,143,00 01 40 00
2026-06-27T23:03:55,407.0,46.6,75,0.278,0.2456,-0.014,143,00 01 40 00
2026-06-27T23:03:57,408.3,46.6,75,0.278,0.2456,0.011,143,00 01 40 00
2026-06-27T23:03:58,409.6,46.6,75,0.278,0.2456,-0.024,143,00 01 40 00
2026-06-27T23:03:59,411.0,46.6,75,0.278,0.2456,0.004,143,00 01 40 00
2026-06-27T23:04:01,412.3,46.6,75,0.278,0.2456,0.018,143,00 01 40 00
2026-06-27T23:04:02,413.6,46.6,75,0.278,0.2456,-0.006,143,00 01 41 00
2026-06-27T23:04:03,414.9,47.2,76,0.278,0.2456,0.008,143,00 01 41 00
2026-06-27T23:04:05,416.3,46.6,75,0.278,0.2456,-0.003,143,00 01 41 00
2026-06-27T23:04:06,417.6,46.6,75,0.278,0.2456,0.0,143,00 01 42 00
2026-06-27T23:04:07,418.9,46.6,75,0.278,0.2456,0.034,143,00 01 42 00
2026-06-27T23:04:09,420.3,47.2,76,0.278,0.2456,0.03,143,00 01 42 00
2026-06-27T23:04:10,421.6,46.6,75,0.278,0.2456,0.018,143,00 01 42 00
2026-06-27T23:04:11,422.9,46.6,75,0.278,0.2456,0.014,143,00 01 42 00
2026-06-27T23:04:13,424.3,46.6,75,0.278,0.2456,0.012,143,00 01 42 00
2026-06-27T23:04:14,425.6,46.6,75,0.278,0.2456,-0.044,143,00 01 42 00
2026-06-27T23:04:15,426.9,46.6,75,0.278,0.2456,-0.011,143,00 01 42 00
2026-06-27T23:04:17,428.2,47.2,76,0.278,0.2456,0.026,143,00 01 42 00
2026-06-27T23:04:18,429.6,46.6,75,0.278,0.2456,0.004,143,00 01 42 00
2026-06-27T23:04:19,430.9,46.6,75,0.278,0.2456,0.011,143,00 01 42 00
2026-06-27T23:04:21,432.2,46.6,75,0.278,0.2456,0.006,143,00 01 42 00
2026-06-27T23:04:22,433.6,46.6,75,0.278,0.2456,0.006,143,00 01 42 00
2026-06-27T23:04:23,434.9,46.6,75,0.278,0.2456,-0.006,143,00 01 42 00
2026-06-27T23:04:25,436.2,46.6,75,0.278,0.2456,-0.016,143,00 01 42 00
2026-06-27T23:04:26,437.6,46.6,75,0.278,0.2456,-0.02,143,00 01 42 00
2026-06-27T23:04:27,438.9,47.2,76,0.278,0.2456,0.038,143,00 01 42 00
2026-06-27T23:04:29,440.2,46.6,75,0.278,0.2456,-0.044,143,00 01 42 00
2026-06-27T23:04:30,441.5,47.2,76,0.278,0.2456,0.028,143,00 01 42 00
2026-06-27T23:04:31,442.9,47.2,76,0.278,0.2456,0.008,143,00 01 42 00
2026-06-27T23:04:33,444.2,46.6,75,0.278,0.2456,-0.049,143,00 01 42 00
2026-06-27T23:04:34,445.5,46.6,75,0.278,0.2456,0.011,143,00 01 42 00
2026-06-27T23:04:35,446.9,46.6,75,0.278,0.2456,-0.011,143,00 01 42 00
2026-06-27T23:04:37,448.2,46.6,75,0.278,0.2456,0.049,143,00 01 42 00
2026-06-27T23:04:38,449.5,46.6,75,0.278,0.2456,0.009,143,00 01 42 00
2026-06-27T23:04:39,450.9,46.6,75,0.278,0.2456,0.012,143,00 01 42 00
2026-06-27T23:04:41,452.2,46.6,75,0.278,0.2456,0.026,143,00 01 42 00
2026-06-27T23:04:42,453.5,46.6,75,0.278,0.2456,0.087,143,00 01 42 00
2026-06-27T23:04:43,454.8,47.2,76,0.278,0.2456,0.042,143,00 01 42 00
2026-06-27T23:04:45,456.2,45.4,73,0.278,0.2456,0.022,143,08 01 43 00
2026-06-27T23:04:46,457.5,41.0,66,0.278,0.2456,0.028,143,08 01 43 00
2026-06-27T23:04:47,458.8,37.3,60,0.278,0.2456,-0.024,143,08 01 43 00
2026-06-27T23:04:49,460.1,35.4,57,0.278,0.2456,0.008,143,00 01 43 00
2026-06-27T23:04:50,461.5,34.2,55,0.278,0.2456,0.012,143,00 01 43 00
2026-06-27T23:04:51,462.8,33.6,54,0.278,0.2456,-0.03,143,00 01 43 01
2026-06-27T23:04:53,464.1,33.6,54,0.278,0.2456,0.093,143,00 01 43 01
2026-06-27T23:04:54,465.5,33.6,54,0.278,0.2456,-0.036,143,00 01 43 01
2026-06-27T23:04:55,466.8,33.6,54,0.278,0.2456,0.073,143,00 01 43 01
2026-06-27T23:04:57,468.1,33.6,54,0.278,0.2456,0.022,143,00 01 43 01
2026-06-27T23:04:58,469.5,33.6,54,0.278,0.2456,-0.083,143,00 01 43 01
2026-06-27T23:04:59,470.8,34.2,55,0.278,0.2456,-0.012,143,00 01 43 01
2026-06-27T23:05:01,472.1,33.6,54,0.278,0.2456,-0.012,143,00 01 43 01
2026-06-27T23:05:02,473.4,33.6,54,0.278,0.2456,-0.028,143,00 01 43 01
2026-06-27T23:05:03,474.8,34.2,55,0.278,0.2456,0.022,143,00 01 43 01
2026-06-27T23:05:05,476.1,33.6,54,0.278,0.2456,-0.017,143,00 01 43 01
2026-06-27T23:05:06,477.4,34.2,55,0.278,0.2456,0.036,143,00 01 43 01
2026-06-27T23:05:07,478.8,33.6,54,0.278,0.2456,0.004,143,00 01 43 01
2026-06-27T23:05:09,480.1,33.6,54,0.278,0.2456,0.02,143,00 01 43 01
2026-06-27T23:05:10,481.4,34.2,55,0.278,0.2456,0.02,143,00 01 43 01
2026-06-27T23:05:11,482.8,34.2,55,0.278,0.2456,0.016,143,00 01 43 01
2026-06-27T23:05:13,484.1,34.2,55,0.278,0.2456,0.049,143,00 01 43 01
2026-06-27T23:05:14,485.4,34.2,55,0.278,0.2456,-0.094,143,00 01 43 01
2026-06-27T23:05:15,486.7,34.2,55,0.278,0.2456,0.009,143,00 01 43 01
2026-06-27T23:05:16,488.1,33.6,54,0.278,0.2456,0.034,143,00 01 43 01
2026-06-27T23:05:18,489.4,33.6,54,0.278,0.2456,0.057,143,00 01 43 01
2026-06-27T23:05:19,490.7,33.6,54,0.278,0.2456,0.012,143,00 01 43 01
2026-06-27T23:05:20,492.1,34.2,55,0.278,0.2456,-0.003,143,00 01 43 01
2026-06-27T23:05:22,493.4,32.9,53,0.278,0.2456,0.012,143,08 01 43 00
2026-06-27T23:05:23,494.7,31.1,50,0.278,0.2456,-0.032,143,08 01 43 00
2026-06-27T23:05:24,496.1,29.8,48,0.278,0.2456,-0.009,143,00 01 43 00
2026-06-27T23:05:26,497.4,28.6,46,0.278,0.2456,-0.017,143,00 01 43 01
2026-06-27T23:05:27,498.7,28.0,45,0.278,0.2456,-0.004,143,00 01 43 01
2026-06-27T23:05:28,500.0,26.7,43,0.278,0.2456,-0.022,143,00 01 43 01
2026-06-27T23:05:30,501.4,26.1,42,0.278,0.2456,0.012,143,00 01 43 01
2026-06-27T23:05:31,502.7,24.9,40,0.278,0.2456,0.044,143,00 01 43 01
2026-06-27T23:05:32,504.0,24.2,39,0.278,0.2456,-0.016,143,00 01 43 01
2026-06-27T23:05:34,505.4,23.6,38,0.278,0.2456,0.008,143,00 01 43 01
2026-06-27T23:05:35,506.7,23.6,38,0.278,0.2456,0.001,143,00 01 43 00
2026-06-27T23:05:36,508.0,23.6,38,0.278,0.2456,0.017,143,00 01 43 01
2026-06-27T23:05:38,509.4,23.0,37,0.278,0.2456,0.004,143,00 01 43 01
2026-06-27T23:05:39,510.7,22.4,36,0.278,0.2456,0.02,143,00 01 43 01
2026-06-27T23:05:40,512.0,21.7,35,0.278,0.2456,-0.071,143,00 01 43 01
2026-06-27T23:05:42,513.3,21.1,34,0.278,0.2456,-0.038,143,00 01 43 01
2026-06-27T23:05:43,514.7,20.5,33,0.278,0.2456,-0.03,143,08 01 43 01
2026-06-27T23:05:44,516.0,17.4,28,0.278,0.2456,-0.083,143,09 01 43 00
2026-06-27T23:05:46,517.3,13.7,22,0.278,0.2456,-0.124,143,09 01 43 00
2026-06-27T23:05:47,518.7,8.7,14,0.278,0.2456,-0.119,143,09 01 43 00
2026-06-27T23:05:48,520.0,4.3,7,0.278,0.2456,-0.692,143,29 01 43 00
2026-06-27T23:05:50,521.3,1.9,3,0.278,0.2456,-1.703,143,21 01 43 00
2026-06-27T23:05:51,522.7,3.7,6,0.278,0.2456,-2.65,143,21 01 43 00
2026-06-27T23:05:52,524.0,6.2,10,0.278,0.2456,-5.041,143,21 01 43 00
2026-06-27T23:05:54,525.3,8.7,14,0.278,0.2456,-5.137,143,21 01 45 00
2026-06-27T23:05:55,526.6,8.7,14,0.278,0.2456,-3.774,143,21 01 45 00
2026-06-27T23:05:56,528.0,11.8,19,0.278,0.2456,-1.319,143,29 01 45 00
2026-06-27T23:05:58,529.3,13.7,22,0.278,0.2456,-0.748,143,21 01 45 00
2026-06-27T23:05:59,530.6,15.5,25,0.278,0.2456,-0.469,143,21 01 45 00
2026-06-27T23:06:00,532.0,16.2,26,0.278,0.2456,0.174,143,01 01 45 00
2026-06-27T23:06:02,533.3,14.9,24,0.278,0.2456,-0.103,143,09 01 45 00
2026-06-27T23:06:03,534.6,11.8,19,0.278,0.2456,-0.63,143,29 01 45 00
2026-06-27T23:06:04,536.0,9.3,15,0.278,0.2456,-3.009,143,29 01 45 00
2026-06-27T23:06:06,537.3,8.1,13,0.278,0.2456,-7.367,143,21 01 45 00
2026-06-27T23:06:07,538.6,9.3,15,0.278,0.2456,-4.929,143,21 01 48 00
2026-06-27T23:06:08,539.9,11.2,18,0.278,0.2456,-2.545,143,21 01 48 00
2026-06-27T23:06:10,541.3,13.7,22,0.278,0.2456,-0.571,143,21 01 48 00
2026-06-27T23:06:11,542.6,16.2,26,0.278,0.2456,0.079,143,01 01 48 00
2026-06-27T23:06:12,543.9,18.6,30,0.278,0.2456,0.03,143,00 01 48 00
2026-06-27T23:06:14,545.3,21.1,34,0.278,0.2456,0.016,143,00 01 48 00
2026-06-27T23:06:15,546.6,19.9,32,0.278,0.2456,-0.014,143,08 01 48 00
2026-06-27T23:06:16,547.9,16.2,26,0.278,0.2456,-0.044,143,09 01 48 00
2026-06-27T23:06:18,549.3,15.5,25,0.278,0.2456,0.012,143,01 01 48 00
2026-06-27T23:06:19,550.6,16.8,27,0.278,0.2456,0.231,143,01 01 48 00
2026-06-27T23:06:20,551.9,18.6,30,0.278,0.2456,-0.068,143,00 01 48 00
2026-06-27T23:06:22,553.2,20.5,33,0.278,0.2456,0.15,143,00 01 48 00
2026-06-27T23:06:23,554.6,17.4,28,0.278,0.2456,0.129,143,09 01 4A 00
2026-06-27T23:06:24,555.9,14.3,23,0.278,0.2456,0.241,143,09 01 4A 00
2026-06-27T23:06:26,557.2,11.8,19,0.278,0.2456,-0.743,143,29 01 4A 00
2026-06-27T23:06:27,558.6,9.3,15,0.278,0.2456,-4.89,143,29 01 4A 00
2026-06-27T23:06:28,559.9,8.1,13,0.278,0.2456,-6.951,143,21 01 4B 00
2026-06-27T23:06:30,561.2,9.9,16,0.278,0.2456,-4.807,143,21 01 4B 00
2026-06-27T23:06:31,562.6,11.8,19,0.278,0.2456,-1.892,143,21 01 4B 00
2026-06-27T23:06:32,563.9,13.7,22,0.278,0.2456,-0.537,143,21 01 4B 00
2026-06-27T23:06:34,565.2,16.2,26,0.278,0.2456,0.177,143,01 01 4B 00
2026-06-27T23:06:35,566.5,14.9,24,0.278,0.2456,0.078,143,09 01 4B 00
2026-06-27T23:06:36,567.9,13.0,21,0.278,0.2456,-0.041,143,09 01 4B 00
2026-06-27T23:06:38,569.2,10.6,17,0.278,0.2456,0.001,143,09 01 4B 00
2026-06-27T23:06:39,570.5,6.8,11,0.278,0.2456,0.075,143,09 01 4B 00
2026-06-27T23:06:40,571.9,3.1,5,0.278,0.2456,0.697,143,29 01 4B 00
2026-06-27T23:06:42,573.2,1.2,2,0.278,0.2456,4.193,143,21 01 4B 00
2026-06-27T23:06:43,574.5,2.5,4,0.278,0.2456,6.079,143,21 01 4B 00
2026-06-27T23:06:44,575.9,5.6,9,0.278,0.2456,6.52,143,29 01 4B 00
2026-06-27T23:06:46,577.2,9.3,15,0.278,0.2456,5.227,143,29 01 4B 00
2026-06-27T23:06:47,578.5,13.0,21,0.278,0.2456,3.131,143,29 01 4B 00
2026-06-27T23:06:48,579.8,16.2,26,0.278,0.2456,1.333,143,21 01 4B 00
2026-06-27T23:06:50,581.2,19.3,31,0.278,0.2456,0.009,143,08 01 4B 00
2026-06-27T23:06:51,582.5,22.4,36,0.278,0.2456,-0.036,143,08 01 4B 00
2026-06-27T23:06:52,583.8,24.2,39,0.278,0.2456,0.052,143,00 01 4B 00
2026-06-27T23:06:54,585.2,26.7,43,0.278,0.2456,-0.06,143,00 01 4B 00
2026-06-27T23:06:55,586.5,28.0,45,0.278,0.2456,0.038,143,00 01 4B 00
2026-06-27T23:06:56,587.8,29.2,47,0.278,0.2456,-0.003,143,00 01 4B 00
2026-06-27T23:06:58,589.2,29.2,47,0.278,0.2456,-0.083,143,00 01 4B 01
2026-06-27T23:06:59,590.5,30.4,49,0.278,0.2456,0.011,143,00 01 4B 00
2026-06-27T23:07:00,591.8,31.1,50,0.278,0.2456,0.025,143,00 01 4B 00
2026-06-27T23:07:02,593.1,31.1,50,0.278,0.2456,-0.009,143,00 01 4B 01
2026-06-27T23:07:03,594.5,31.1,50,0.278,0.2456,0.003,143,00 01 4B 01
2026-06-27T23:07:04,595.8,31.1,50,0.278,0.2456,0.016,143,00 01 4B 01
2026-06-27T23:07:06,597.1,31.1,50,0.278,0.2456,-0.068,143,00 01 4B 00
2026-06-27T23:07:07,598.5,32.3,52,0.278,0.2456,0.017,143,00 01 4B 00
2026-06-27T23:07:08,599.8,33.6,54,0.278,0.2456,0.017,143,00 01 4B 00
2026-06-27T23:07:10,601.1,34.8,56,0.278,0.2456,-0.028,143,00 01 4B 00
2026-06-27T23:07:11,602.5,36.0,58,0.278,0.2456,0.009,143,00 01 4B 00
2026-06-27T23:07:12,603.8,37.3,60,0.278,0.2456,0.048,143,00 01 4B 00
2026-06-27T23:07:14,605.1,37.3,60,0.278,0.2456,-0.009,143,00 01 4B 01
2026-06-27T23:07:15,606.4,37.3,60,0.278,0.2456,-0.011,143,00 01 4B 01
2026-06-27T23:07:16,607.8,36.7,59,0.278,0.2456,-0.02,143,00 01 4B 01
2026-06-27T23:07:18,609.1,36.7,59,0.278,0.2456,-0.006,143,00 01 4B 01
2026-06-27T23:07:19,610.4,36.7,59,0.278,0.2456,0.012,143,00 01 4B 01
2026-06-27T23:07:20,611.8,36.7,59,0.278,0.2456,0.001,143,00 01 4B 01
2026-06-27T23:07:22,613.1,36.7,59,0.278,0.2456,-0.042,143,00 01 4B 01
2026-06-27T23:07:23,614.4,36.7,59,0.278,0.2456,0.004,143,00 01 4B 01
2026-06-27T23:07:24,615.8,37.3,60,0.278,0.2456,-0.012,143,00 01 4B 01
2026-06-27T23:07:25,617.1,37.3,60,0.278,0.2456,-0.032,143,00 01 4B 01
2026-06-27T23:07:27,618.4,37.3,60,0.278,0.2456,0.003,143,00 01 4B 01
2026-06-27T23:07:28,619.7,36.7,59,0.278,0.2456,-0.022,143,00 01 4B 01
2026-06-27T23:07:29,621.1,36.7,59,0.278,0.2456,0.004,143,00 01 4B 01
2026-06-27T23:07:31,622.4,36.7,59,0.278,0.2456,-0.009,143,00 01 4B 01
2026-06-27T23:07:32,623.7,36.7,59,0.278,0.2456,-0.02,143,00 01 4B 01
2026-06-27T23:07:33,625.1,36.7,59,0.278,0.2456,-0.059,143,00 01 4B 01
2026-06-27T23:07:35,626.4,37.9,61,0.278,0.2456,-0.042,143,00 01 4B 00
2026-06-27T23:07:36,627.7,38.5,62,0.278,0.2456,-0.091,143,00 01 4B 00
2026-06-27T23:07:37,629.1,39.8,64,0.278,0.2456,0.052,143,00 01 4B 00
2026-06-27T23:07:39,630.4,41.0,66,0.278,0.2456,-0.14,143,00 01 4B 00
2026-06-27T23:07:40,631.7,42.3,68,0.278,0.2456,-0.034,143,00 01 4B 00
2026-06-27T23:07:41,633.0,44.1,71,0.278,0.2456,0.008,143,00 01 4B 00
2026-06-27T23:07:43,634.4,45.4,73,0.278,0.2456,-0.022,143,00 01 4B 00
2026-06-27T23:07:44,635.7,47.2,76,0.278,0.2456,-0.03,143,00 01 4B 00
2026-06-27T23:07:45,637.0,47.2,76,0.278,0.2456,-0.044,143,00 01 4B 00
2026-06-27T23:07:47,638.4,45.4,73,0.278,0.2456,0.016,143,08 01 4B 00
2026-06-27T23:07:48,639.7,44.7,72,0.278,0.2456,0.011,143,00 01 4B 00
2026-06-27T23:07:49,641.0,45.4,73,0.278,0.2456,-0.016,143,00 01 4B 00
2026-06-27T23:07:51,642.4,46.0,74,0.278,0.2456,0.062,143,00 01 4B 00
2026-06-27T23:07:52,643.7,46.6,75,0.278,0.2456,0.011,143,00 01 51 00
2026-06-27T23:07:53,645.0,46.6,75,0.278,0.2456,-0.012,143,00 01 51 00
2026-06-27T23:07:55,646.3,47.2,76,0.278,0.2456,-0.044,143,00 01 54 00
2026-06-27T23:07:56,647.7,47.2,76,0.278,0.2456,-0.006,143,00 01 54 00
2026-06-27T23:07:57,649.0,47.2,76,0.278,0.2456,-0.075,143,00 01 54 00
2026-06-27T23:07:59,650.3,47.2,76,0.278,0.2456,0.001,143,00 01 54 00
2026-06-27T23:08:00,651.7,46.6,75,0.278,0.2456,0.0,143,00 01 54 00
2026-06-27T23:08:01,653.0,46.6,75,0.278,0.2456,-0.06,143,00 01 54 00
2026-06-27T23:08:03,654.3,46.6,75,0.278,0.2456,-0.004,143,00 01 54 00
2026-06-27T23:08:04,655.7,46.6,75,0.278,0.2456,-0.028,143,00 01 54 00
2026-06-27T23:08:05,657.0,46.6,75,0.278,0.2456,0.0,143,00 01 54 00
2026-06-27T23:08:07,658.3,46.6,75,0.278,0.2456,0.008,143,00 01 54 00
2026-06-27T23:08:08,659.6,46.6,75,0.278,0.2456,0.004,143,00 01 54 00
2026-06-27T23:08:09,661.0,46.6,75,0.278,0.2456,0.003,143,00 01 54 00
2026-06-27T23:08:11,662.3,46.6,75,0.278,0.2456,-0.009,143,00 01 54 00
2026-06-27T23:08:12,663.6,46.6,75,0.278,0.2456,-0.008,143,00 01 54 00
2026-06-27T23:08:13,665.0,46.6,75,0.278,0.2456,-0.003,143,00 01 54 00
2026-06-27T23:08:15,666.3,46.6,75,0.278,0.2456,-0.02,143,00 01 54 00
2026-06-27T23:08:16,667.6,47.2,76,0.278,0.2456,0.001,143,00 01 54 00
2026-06-27T23:08:17,669.0,47.2,76,0.278,0.2456,0.011,143,00 01 54 00
2026-06-27T23:08:19,670.3,46.6,75,0.278,0.2456,0.003,143,00 01 54 00
2026-06-27T23:08:20,671.6,46.6,75,0.278,0.2456,-0.02,143,00 01 54 00
2026-06-27T23:08:21,672.9,46.6,75,0.278,0.2456,0.028,143,00 01 54 00
2026-06-27T23:08:23,674.3,46.6,75,0.278,0.2456,-0.006,143,00 01 54 00
2026-06-27T23:08:24,675.6,46.6,75,0.278,0.2456,-0.012,143,00 01 54 00
2026-06-27T23:08:25,676.9,46.6,75,0.278,0.2456,0.022,143,00 01 54 00
2026-06-27T23:08:27,678.3,46.6,75,0.278,0.2456,0.024,143,00 01 54 00
2026-06-27T23:08:28,679.6,46.6,75,0.278,0.2456,0.011,143,00 01 54 00
2026-06-27T23:08:29,680.9,46.6,75,0.278,0.2456,0.054,143,00 01 54 00
2026-06-27T23:08:31,682.3,47.2,76,0.278,0.2456,0.032,143,00 01 54 00
2026-06-27T23:08:32,683.6,46.6,75,0.278,0.2456,0.034,143,00 01 54 00
2026-06-27T23:08:33,684.9,46.6,75,0.278,0.2456,0.016,143,00 01 54 00
2026-06-27T23:08:35,686.2,46.6,75,0.278,0.2456,-0.008,143,00 01 54 00
2026-06-27T23:08:36,687.6,46.6,75,0.278,0.2456,0.001,143,00 01 54 00
2026-06-27T23:08:37,688.9,47.2,76,0.278,0.2456,0.001,143,00 01 54 00
2026-06-27T23:08:39,690.2,47.2,76,0.278,0.2456,0.008,143,00 01 54 00
2026-06-27T23:08:40,691.6,47.2,76,0.278,0.2456,0.016,143,00 01 54 00
2026-06-27T23:08:41,692.9,46.6,75,0.278,0.2456,-0.008,143,00 01 54 00
2026-06-27T23:08:43,694.2,46.6,75,0.278,0.2456,-0.009,143,00 01 54 00
2026-06-27T23:08:44,695.6,46.6,75,0.278,0.2456,0.003,143,00 01 54 00
2026-06-27T23:08:45,696.9,46.6,75,0.278,0.2456,-0.02,143,00 01 54 00
2026-06-27T23:08:47,698.2,46.6,75,0.278,0.2456,-0.011,143,00 01 54 00
2026-06-27T23:08:48,699.5,46.6,75,0.278,0.2456,0.016,143,00 01 54 00
2026-06-27T23:08:49,700.9,46.6,75,0.278,0.2456,-0.017,143,00 01 54 00
2026-06-27T23:08:51,702.2,46.6,75,0.278,0.2456,0.001,143,00 01 54 00
2026-06-27T23:08:52,703.5,46.6,75,0.278,0.2456,0.018,143,00 01 54 00
2026-06-27T23:08:53,704.9,46.6,75,0.278,0.2456,0.032,143,00 01 54 00
2026-06-27T23:08:55,706.2,46.6,75,0.278,0.2456,-0.026,143,00 01 54 00
2026-06-27T23:08:56,707.5,46.6,75,0.278,0.2456,0.051,143,00 01 54 00
2026-06-27T23:08:57,708.9,46.6,75,0.278,0.2456,-0.017,143,00 01 54 00
2026-06-27T23:08:59,710.2,46.6,75,0.278,0.2456,-0.011,143,00 01 54 00
2026-06-27T23:09:00,711.5,47.2,76,0.278,0.2456,0.004,143,00 01 54 00
2026-06-27T23:09:01,712.8,47.2,76,0.278,0.2456,0.003,143,00 01 54 00
2026-06-27T23:09:03,714.2,47.2,76,0.278,0.2456,0.038,143,00 01 54 00
2026-06-27T23:09:04,715.5,47.2,76,0.278,0.2456,0.022,143,00 01 54 00
2026-06-27T23:09:05,716.8,47.2,76,0.278,0.2456,0.02,143,00 01 54 00
2026-06-27T23:09:07,718.2,46.6,75,0.278,0.2456,-0.062,143,00 01 54 00
2026-06-27T23:09:08,719.5,46.6,75,0.278,0.2456,0.012,143,00 01 54 00
2026-06-27T23:09:09,720.8,46.6,75,0.278,0.2456,0.011,143,00 01 54 00
2026-06-27T23:09:11,722.2,46.6,75,0.278,0.2456,-0.009,143,00 01 54 00
2026-06-27T23:09:12,723.5,46.6,75,0.278,0.2456,-0.001,143,00 01 54 00
2026-06-27T23:09:13,724.8,46.6,75,0.278,0.2456,-0.014,143,00 01 54 00
2026-06-27T23:09:15,726.1,46.6,75,0.278,0.2456,-0.017,143,00 01 54 00
2026-06-27T23:09:16,727.5,46.6,75,0.278,0.2456,-0.038,143,00 01 54 00
2026-06-27T23:09:17,728.8,46.6,75,0.278,0.2456,0.012,143,00 01 54 00
2026-06-27T23:09:19,730.1,46.6,75,0.278,0.2456,-0.016,143,00 01 54 00
2026-06-27T23:09:20,731.5,46.6,75,0.278,0.2456,0.025,143,00 01 54 00
2026-06-27T23:09:21,732.8,47.2,76,0.278,0.2456,-0.003,143,00 01 54 00
2026-06-27T23:09:23,734.1,46.6,75,0.278,0.2456,0.046,143,00 01 54 00
2026-06-27T23:09:24,735.5,46.6,75,0.278,0.2456,0.046,143,00 01 54 00
2026-06-27T23:09:25,736.8,46.6,75,0.278,0.2456,-0.017,143,00 01 54 00
2026-06-27T23:09:27,738.1,46.6,75,0.278,0.2456,0.004,143,00 01 54 00
2026-06-27T23:09:28,739.4,46.6,75,0.278,0.2456,0.011,143,00 01 54 00
2026-06-27T23:09:29,740.8,46.6,75,0.278,0.2456,-0.032,143,00 01 54 00
2026-06-27T23:09:31,742.1,47.2,76,0.278,0.2456,-0.052,143,00 01 54 00
2026-06-27T23:09:32,743.4,46.6,75,0.278,0.2456,0.014,143,00 01 54 00
2026-06-27T23:09:33,744.8,46.6,75,0.278,0.2456,-0.017,143,00 01 54 00
2026-06-27T23:09:34,746.1,46.6,75,0.278,0.2456,0.018,143,00 01 54 00
2026-06-27T23:09:36,747.4,46.6,75,0.278,0.2456,-0.025,143,00 01 54 00
2026-06-27T23:09:37,748.8,46.6,75,0.278,0.2456,0.012,143,00 01 54 00
2026-06-27T23:09:38,750.1,47.2,76,0.278,0.2456,-0.004,143,00 01 54 00
2026-06-27T23:09:40,751.4,46.6,75,0.278,0.2456,-0.028,143,00 01 54 00
2026-06-27T23:09:41,752.7,46.6,75,0.278,0.2456,0.022,143,00 01 54 00
2026-06-27T23:09:42,754.1,46.6,75,0.278,0.2456,-0.036,143,00 01 54 00
2026-06-27T23:09:44,755.4,46.6,75,0.278,0.2456,0.008,143,00 01 54 00
2026-06-27T23:09:45,756.7,47.2,76,0.278,0.2456,0.008,143,00 01 54 00
2026-06-27T23:09:46,758.1,46.6,75,0.278,0.2456,0.008,143,00 01 54 00
2026-06-27T23:09:48,759.4,46.6,75,0.278,0.2456,-0.025,143,00 01 54 00
2026-06-27T23:09:49,760.7,46.6,75,0.278,0.2456,-0.004,143,00 01 54 00
2026-06-27T23:09:50,762.1,46.6,75,0.278,0.2456,-0.004,143,00 01 54 00
2026-06-27T23:09:52,763.4,46.6,75,0.278,0.2456,-0.009,143,00 01 54 00
2026-06-27T23:09:53,764.7,47.2,76,0.278,0.2456,0.012,143,00 01 54 00
2026-06-27T23:09:54,766.0,47.8,77,0.278,0.2456,-0.004,143,00 01 54 00
2026-06-27T23:09:56,767.4,47.8,77,0.278,0.2456,0.008,143,00 01 54 00
2026-06-27T23:09:57,768.7,47.8,77,0.278,0.2456,-0.001,143,00 01 54 00
2026-06-27T23:09:58,770.0,47.8,77,0.278,0.2456,0.008,143,00 01 54 00
2026-06-27T23:10:00,771.4,47.8,77,0.278,0.2456,-0.017,143,00 01 54 00
2026-06-27T23:10:01,772.7,47.8,77,0.278,0.2456,0.017,143,00 01 54 00
2026-06-27T23:10:02,774.0,47.8,77,0.278,0.2456,0.046,143,00 01 54 00
2026-06-27T23:10:04,775.4,47.8,77,0.278,0.2456,0.111,143,00 01 54 00
2026-06-27T23:10:05,776.7,47.8,77,0.278,0.2456,0.095,143,00 01 54 00
2026-06-27T23:10:06,778.0,47.8,77,0.278,0.2456,0.118,143,00 01 54 00
2026-06-27T23:10:08,779.3,47.8,77,0.278,0.2456,0.081,143,00 01 54 00
2026-06-27T23:10:09,780.7,47.8,77,0.278,0.2456,0.046,143,00 01 54 00
2026-06-27T23:10:10,782.0,47.8,77,0.278,0.2456,0.115,143,00 01 54 00
2026-06-27T23:10:12,783.3,47.8,77,0.278,0.2456,0.051,143,00 01 54 00
2026-06-27T23:10:13,784.7,47.8,77,0.278,0.2456,0.052,143,00 01 54 00
2026-06-27T23:10:14,786.0,47.8,77,0.278,0.2456,0.057,143,00 01 54 00
2026-06-27T23:10:16,787.3,47.8,77,0.278,0.2456,0.051,143,00 01 54 00
2026-06-27T23:10:17,788.7,47.8,77,0.278,0.2456,-0.017,143,00 01 54 00
2026-06-27T23:10:18,790.0,47.8,77,0.278,0.2456,-0.003,143,00 01 54 00
2026-06-27T23:10:20,791.3,47.8,77,0.278,0.2456,-0.022,143,00 01 54 00
2026-06-27T23:10:21,792.6,47.8,77,0.278,0.2456,0.0,143,00 01 54 00
2026-06-27T23:10:22,794.0,47.8,77,0.278,0.2456,-0.006,143,00 01 54 00
2026-06-27T23:10:24,795.3,47.8,77,0.278,0.2456,-0.036,143,00 01 54 00
2026-06-27T23:10:25,796.6,47.8,77,0.278,0.2456,-0.012,143,00 01 54 00
2026-06-27T23:10:26,797.9,47.8,77,0.278,0.2456,-0.144,143,00 01 58 00
2026-06-27T23:10:28,799.3,47.8,77,0.278,0.2456,-0.07,143,00 01 58 00
2026-06-27T23:10:29,800.6,47.8,77,0.278,0.2456,-0.146,143,00 01 58 00
2026-06-27T23:10:30,801.9,47.8,77,0.278,0.2456,-0.182,143,00 01 58 00
2026-06-27T23:10:32,803.3,47.8,77,0.278,0.2456,-0.034,143,00 01 58 00
2026-06-27T23:10:33,804.6,47.8,77,0.278,0.2456,-0.123,143,00 01 58 00
2026-06-27T23:10:34,805.9,47.8,77,0.278,0.2456,-0.103,143,00 01 58 00
2026-06-27T23:10:36,807.3,47.8,77,0.278,0.2456,-0.095,143,00 01 58 00
2026-06-27T23:10:37,808.6,47.8,77,0.278,0.2456,-0.087,143,00 01 58 00
2026-06-27T23:10:38,809.9,47.8,77,0.278,0.2456,0.052,143,00 01 58 00
2026-06-27T23:10:40,811.2,47.8,77,0.278,0.2456,-0.011,143,00 01 58 00
2026-06-27T23:10:41,812.6,47.8,77,0.278,0.2456,0.06,143,00 01 58 00
2026-06-27T23:10:42,813.9,47.8,77,0.278,0.2456,-0.006,143,00 01 58 00
2026-06-27T23:10:44,815.2,47.8,77,0.278,0.2456,0.048,143,00 01 58 00
2026-06-27T23:10:45,816.6,47.8,77,0.278,0.2456,0.008,143,00 01 58 00
2026-06-27T23:10:46,817.9,47.8,77,0.278,0.2456,0.078,143,00 01 58 00
2026-06-27T23:10:48,819.2,47.8,77,0.278,0.2456,0.024,143,00 01 58 00
2026-06-27T23:10:49,820.6,47.8,77,0.278,0.2456,-0.011,143,00 01 58 00
2026-06-27T23:10:50,821.9,47.8,77,0.278,0.2456,-0.054,143,00 01 58 00
2026-06-27T23:10:52,823.2,47.8,77,0.278,0.2456,-0.051,143,00 01 58 00
2026-06-27T23:10:53,824.5,47.8,77,0.278,0.2456,0.038,143,00 01 58 00
2026-06-27T23:10:54,825.9,47.8,77,0.278,0.2456,-0.116,143,00 01 58 00
2026-06-27T23:10:56,827.2,47.8,77,0.278,0.2456,0.022,143,00 01 58 00
2026-06-27T23:10:57,828.5,47.8,77,0.278,0.2456,0.02,143,00 01 58 00
2026-06-27T23:10:58,829.9,47.8,77,0.278,0.2456,0.06,143,00 01 58 00
2026-06-27T23:11:00,831.2,47.8,77,0.278,0.2456,-0.038,143,00 01 58 00
2026-06-27T23:11:01,832.5,47.8,77,0.278,0.2456,0.024,143,00 01 58 00
2026-06-27T23:11:02,833.9,47.8,77,0.278,0.2456,-0.018,143,00 01 58 00
2026-06-27T23:11:04,835.2,47.8,77,0.278,0.2456,0.028,143,00 01 58 00
2026-06-27T23:11:05,836.5,47.8,77,0.278,0.2456,-0.094,143,00 01 58 00
2026-06-27T23:11:06,837.8,47.8,77,0.278,0.2456,-0.009,143,00 01 58 00
2026-06-27T23:11:08,839.2,47.8,77,0.278,0.2456,-0.032,143,00 01 58 00
2026-06-27T23:11:09,840.5,47.8,77,0.278,0.2456,0.022,143,00 01 58 00
2026-06-27T23:11:10,841.8,47.8,77,0.278,0.2456,0.02,143,00 01 58 00
2026-06-27T23:11:12,843.2,47.8,77,0.278,0.2456,-0.011,143,00 01 58 00
2026-06-27T23:11:13,844.5,47.8,77,0.278,0.2456,0.008,143,00 01 58 00
2026-06-27T23:11:14,845.8,47.8,77,0.278,0.2456,-0.03,143,00 01 58 00
2026-06-27T23:11:16,847.2,47.8,77,0.278,0.2456,0.012,143,00 01 58 00
2026-06-27T23:11:17,848.5,47.8,77,0.278,0.2456,0.011,143,00 01 58 00
2026-06-27T23:11:18,849.8,47.8,77,0.278,0.2456,-0.067,143,00 01 58 00
2026-06-27T23:11:20,851.1,47.8,77,0.278,0.2456,-0.001,143,00 01 58 00
2026-06-27T23:11:21,852.5,47.8,77,0.278,0.2456,-0.024,143,00 01 58 00
2026-06-27T23:11:22,853.8,47.8,77,0.278,0.2456,-0.022,143,00 01 58 00
2026-06-27T23:11:24,855.1,47.8,77,0.278,0.2456,0.06,143,00 01 58 00
2026-06-27T23:11:25,856.5,47.8,77,0.278,0.2456,-0.006,143,00 01 58 00
2026-06-27T23:11:26,857.8,47.8,77,0.278,0.2456,-0.017,143,00 01 58 00
2026-06-27T23:11:28,859.1,47.8,77,0.278,0.2456,0.001,143,00 01 58 00
2026-06-27T23:11:29,860.5,47.8,77,0.278,0.2456,0.076,143,00 01 5B 00
2026-06-27T23:11:30,861.8,47.8,77,0.278,0.2456,-0.018,143,00 01 5B 00
2026-06-27T23:11:32,863.1,47.8,77,0.278,0.2456,0.003,143,00 01 5B 00
2026-06-27T23:11:33,864.4,47.8,77,0.278,0.2456,0.004,143,00 01 5B 00
2026-06-27T23:11:34,865.8,47.8,77,0.278,0.2456,0.014,143,00 01 5B 00
2026-06-27T23:11:36,867.1,47.8,77,0.278,0.2456,0.003,143,00 01 5B 00
2026-06-27T23:11:37,868.4,47.8,77,0.278,0.2456,-0.054,143,00 01 5B 00
2026-06-27T23:11:38,869.8,47.8,77,0.278,0.2456,-0.003,143,00 01 5B 00
2026-06-27T23:11:40,871.1,47.8,77,0.278,0.2456,0.011,143,00 01 5B 00
2026-06-27T23:11:41,872.4,47.8,77,0.278,0.2456,0.026,143,00 01 5B 00
2026-06-27T23:11:42,873.8,47.8,77,0.278,0.2456,0.008,143,00 01 5B 00
2026-06-27T23:11:44,875.1,45.4,73,0.278,0.2456,-0.03,143,08 01 5B 00
2026-06-27T23:11:45,876.4,41.6,67,0.278,0.2456,-0.014,143,08 01 5B 00
2026-06-27T23:11:46,877.7,39.8,64,0.278,0.2456,0.012,143,00 01 5B 00
2026-06-27T23:11:47,879.1,38.5,62,0.278,0.2456,0.012,143,08 01 5B 00
2026-06-27T23:11:49,880.4,36.7,59,0.278,0.2456,0.008,143,00 01 5B 00
2026-06-27T23:11:50,881.7,36.0,58,0.278,0.2456,-0.014,143,00 01 5B 00
2026-06-27T23:11:51,883.1,35.4,57,0.278,0.2456,-0.011,143,00 01 5B 00
2026-06-27T23:11:53,884.4,36.0,58,0.278,0.2456,0.016,143,00 01 5B 00
2026-06-27T23:11:54,885.7,35.4,57,0.278,0.2456,0.054,143,00 01 5B 00
2026-06-27T23:11:55,887.1,35.4,57,0.278,0.2456,0.009,143,00 01 5B 00
2026-06-27T23:11:57,888.4,35.4,57,0.278,0.2456,0.038,143,00 01 5B 00
2026-06-27T23:11:58,889.7,36.0,58,0.278,0.2456,-0.012,143,00 01 5B 00
2026-06-27T23:11:59,891.0,36.7,59,0.278,0.2456,0.012,143,00 01 5B 00
2026-06-27T23:12:01,892.4,37.9,61,0.278,0.2456,0.016,143,00 01 5B 00
2026-06-27T23:12:02,893.7,37.9,61,0.278,0.2456,-0.001,143,00 01 5B 00
2026-06-27T23:12:03,895.0,37.3,60,0.278,0.2456,-0.011,143,00 01 5B 01
2026-06-27T23:12:05,896.4,37.9,61,0.278,0.2456,-0.018,143,00 01 5B 01
2026-06-27T23:12:06,897.7,38.5,62,0.278,0.2456,-0.001,143,00 01 5B 00
2026-06-27T23:12:07,899.0,39.8,64,0.278,0.2456,0.036,143,00 01 5B 00
2026-06-27T23:12:09,900.4,40.4,65,0.278,0.2456,-0.008,143,00 01 5B 00
2026-06-27T23:12:10,901.7,39.8,64,0.278,0.2456,-0.009,143,00 01 5B 00
2026-06-27T23:12:11,903.0,40.4,65,0.278,0.2456,-0.006,143,00 01 60 00
2026-06-27T23:12:13,904.3,41.0,66,0.278,0.2456,0.014,143,00 01 60 00
2026-06-27T23:12:14,905.7,42.3,68,0.278,0.2456,-0.016,143,00 01 60 00
2026-06-27T23:12:15,907.0,42.3,68,0.278,0.2456,0.003,143,00 01 60 00
2026-06-27T23:12:17,908.3,42.3,68,0.278,0.2456,0.016,143,00 01 60 00
2026-06-27T23:12:18,909.7,41.6,67,0.278,0.2456,0.03,143,00 01 60 00
2026-06-27T23:12:19,911.0,41.6,67,0.278,0.2456,-0.044,143,00 01 60 00
2026-06-27T23:12:21,912.3,42.3,68,0.278,0.2456,0.008,143,00 01 60 00
2026-06-27T23:12:22,913.7,41.6,67,0.278,0.2456,-0.009,143,00 01 60 00
2026-06-27T23:12:23,915.0,42.3,68,0.278,0.2456,0.028,143,00 01 60 00
2026-06-27T23:12:25,916.3,42.3,68,0.278,0.2456,0.006,143,00 01 60 00
2026-06-27T23:12:26,917.6,42.3,68,0.278,0.2456,0.003,143,00 01 60 00
2026-06-27T23:12:27,919.0,42.3,68,0.278,0.2456,0.012,143,00 01 60 00
2026-06-27T23:12:29,920.3,42.9,69,0.278,0.2456,-0.034,143,00 01 60 00
2026-06-27T23:12:30,921.6,43.5,70,0.278,0.2456,0.032,143,00 01 60 00
2026-06-27T23:12:31,923.0,44.1,71,0.278,0.2456,0.0,143,00 01 60 00
2026-06-27T23:12:33,924.3,44.1,71,0.278,0.2456,0.008,143,00 01 60 00
2026-06-27T23:12:34,925.6,44.1,71,0.278,0.2456,-0.008,143,00 01 60 00
2026-06-27T23:12:35,927.0,43.5,70,0.278,0.2456,0.063,143,00 01 60 00
2026-06-27T23:12:37,928.3,43.5,70,0.278,0.2456,0.041,143,00 01 60 00
2026-06-27T23:12:38,929.6,43.5,70,0.278,0.2456,-0.003,143,00 01 60 00
2026-06-27T23:12:39,930.9,44.1,71,0.278,0.2456,-0.008,143,00 01 60 00
2026-06-27T23:12:41,932.3,44.1,71,0.278,0.2456,0.014,143,00 01 60 00
2026-06-27T23:12:42,933.6,43.5,70,0.278,0.2456,0.076,143,00 01 62 00
2026-06-27T23:12:43,934.9,42.9,69,0.278,0.2456,0.004,143,00 01 62 00
2026-06-27T23:12:45,936.3,42.3,68,0.278,0.2456,0.054,143,00 01 62 00
2026-06-27T23:12:46,937.6,41.6,67,0.278,0.2456,-0.012,143,00 01 62 00
2026-06-27T23:12:47,938.9,41.0,66,0.278,0.2456,0.016,143,00 01 62 00
2026-06-27T23:12:49,940.3,40.4,65,0.278,0.2456,-0.026,143,00 01 62 00
2026-06-27T23:12:50,941.6,40.4,65,0.278,0.2456,0.001,143,00 01 62 00
2026-06-27T23:12:51,942.9,40.4,65,0.278,0.2456,-0.041,143,00 01 62 00
2026-06-27T23:12:53,944.2,39.1,63,0.278,0.2456,0.006,143,00 01 62 00
2026-06-27T23:12:54,945.6,39.1,63,0.278,0.2456,-0.041,143,00 01 62 01
2026-06-27T23:12:55,946.9,39.8,64,0.278,0.2456,-0.014,143,00 01 62 01
2026-06-27T23:12:57,948.2,39.8,64,0.278,0.2456,0.006,143,00 01 62 01
2026-06-27T23:12:58,949.6,39.1,63,0.278,0.2456,-0.032,143,00 01 62 01
2026-06-27T23:12:59,950.9,39.8,64,0.278,0.2456,-0.024,143,00 01 62 01
2026-06-27T23:13:01,952.2,39.8,64,0.278,0.2456,-0.003,143,00 01 62 01
2026-06-27T23:13:02,953.6,41.0,66,0.278,0.2456,0.032,143,00 01 62 00
2026-06-27T23:13:03,954.9,41.6,67,0.278,0.2456,0.006,143,00 01 62 00
2026-06-27T23:13:05,956.2,41.0,66,0.278,0.2456,-0.049,143,00 01 62 00
2026-06-27T23:13:06,957.5,42.3,68,0.278,0.2456,0.063,143,00 01 62 00
2026-06-27T23:13:07,958.9,42.9,69,0.278,0.2456,-0.006,143,00 01 62 00
2026-06-27T23:13:09,960.2,43.5,70,0.278,0.2456,0.011,143,00 01 62 00
2026-06-27T23:13:10,961.5,44.1,71,0.278,0.2456,-0.02,143,00 01 62 00
2026-06-27T23:13:11,962.9,44.1,71,0.278,0.2456,0.001,143,00 01 62 00
2026-06-27T23:13:13,964.2,44.7,72,0.278,0.2456,-0.008,143,00 01 62 00
2026-06-27T23:13:14,965.5,44.7,72,0.278,0.2456,0.009,143,00 01 62 00
2026-06-27T23:13:15,966.9,44.7,72,0.278,0.2456,-0.02,143,00 01 62 00
2026-06-27T23:13:17,968.2,45.4,73,0.278,0.2456,0.001,143,00 01 62 00
2026-06-27T23:13:18,969.5,46.0,74,0.278,0.2456,0.032,143,00 01 62 00
2026-06-27T23:13:19,970.8,46.6,75,0.278,0.2456,-0.115,143,00 01 62 00
2026-06-27T23:13:21,972.2,47.2,76,0.278,0.2456,0.054,143,00 01 62 00
2026-06-27T23:13:22,973.5,47.2,76,0.278,0.2456,0.051,143,00 01 62 00
2026-06-27T23:13:23,974.8,47.8,77,0.278,0.2456,-0.034,143,00 01 62 00
2026-06-27T23:13:25,976.2,49.1,79,0.278,0.2456,0.032,143,00 01 62 00
2026-06-27T23:13:26,977.5,49.7,80,0.278,0.2456,0.018,143,00 01 62 00
2026-06-27T23:13:27,978.8,50.3,81,0.278,0.2456,-0.091,143,00 01 62 00
2026-06-27T23:13:29,980.2,51.0,82,0.278,0.2456,0.003,143,00 01 62 00
2026-06-27T23:13:30,981.5,51.0,82,0.278,0.2456,0.011,143,00 01 62 00
2026-06-27T23:13:31,982.8,50.3,81,0.278,0.2456,0.018,143,00 01 62 00
2026-06-27T23:13:33,984.1,49.1,79,0.278,0.2456,0.004,143,00 01 62 00
2026-06-27T23:13:34,985.5,49.7,80,0.278,0.2456,-0.003,143,00 01 62 00
2026-06-27T23:13:35,986.8,49.7,80,0.278,0.2456,-0.004,143,00 01 62 00
2026-06-27T23:13:37,988.1,49.1,79,0.278,0.2456,0.011,143,00 01 62 00
2026-06-27T23:13:38,989.5,49.7,80,0.278,0.2456,-0.051,143,00 01 62 00
2026-06-27T23:13:39,990.8,49.1,79,0.278,0.2456,0.028,143,00 01 62 00
2026-06-27T23:13:41,992.1,48.5,78,0.278,0.2456,-0.011,143,00 01 62 00
2026-06-27T23:13:42,993.5,49.1,79,0.278,0.2456,-0.009,143,00 01 62 00
2026-06-27T23:13:43,994.8,49.1,79,0.278,0.2456,0.034,143,00 01 62 00
2026-06-27T23:13:45,996.1,49.1,79,0.278,0.2456,0.009,143,00 01 62 00
2026-06-27T23:13:46,997.4,48.5,78,0.278,0.2456,0.009,143,00 01 62 00
2026-06-27T23:13:47,998.8,47.2,76,0.278,0.2456,0.001,143,00 01 62 00
2026-06-27T23:13:49,1000.1,46.6,75,0.278,0.2456,-0.017,143,00 01 62 00
2026-06-27T23:13:50,1001.4,45.4,73,0.278,0.2456,0.004,143,00 01 62 00
2026-06-27T23:13:51,1002.8,44.1,71,0.278,0.2456,-0.001,143,00 01 62 00
2026-06-27T23:13:52,1004.1,43.5,70,0.278,0.2456,0.034,143,00 01 62 00
2026-06-27T23:13:54,1005.4,43.5,70,0.278,0.2456,0.003,143,00 01 62 00
2026-06-27T23:13:55,1006.8,42.9,69,0.278,0.2456,0.009,143,00 01 62 00
2026-06-27T23:13:56,1008.1,43.5,70,0.278,0.2456,0.012,143,00 01 62 00
2026-06-27T23:13:58,1009.4,43.5,70,0.278,0.2456,-0.016,143,00 01 62 00
2026-06-27T23:13:59,1010.7,43.5,70,0.278,0.2456,-0.017,143,00 01 62 00
2026-06-27T23:14:00,1012.1,42.9,69,0.6764,0.6764,-0.014,143,00 01 63 00
2026-06-27T23:14:02,1013.4,42.9,69,0.6764,0.6523,0.034,14,00 03 64 00
2026-06-27T23:14:03,1014.7,42.9,69,0.6764,0.6207,-0.003,14,00 03 64 00
2026-06-27T23:14:04,1016.1,42.9,69,0.6764,0.5958,0.004,14,00 03 64 00
2026-06-27T23:14:06,1017.4,42.9,69,0.6764,0.5744,0.009,14,00 03 64 00
2026-06-27T23:14:07,1018.7,42.9,69,0.6764,0.5543,-0.022,14,00 03 64 00
2026-06-27T23:14:08,1020.1,42.9,69,0.6763,0.536,0.001,14,00 03 64 00
2026-06-27T23:14:10,1021.4,43.5,70,0.6763,0.5205,0.011,14,00 03 64 00
2026-06-27T23:14:11,1022.7,43.5,70,0.6763,0.5085,0.032,14,00 03 64 00
2026-06-27T23:14:12,1024.0,43.5,70,0.6762,0.4975,-0.009,14,00 03 64 00
2026-06-27T23:14:14,1025.4,43.5,70,0.6762,0.4882,0.026,14,00 03 64 00
2026-06-27T23:14:15,1026.7,44.1,71,0.6761,0.4799,0.018,14,00 03 64 00
2026-06-27T23:14:16,1028.0,44.7,72,0.6761,0.4734,-0.018,14,00 03 64 00
2026-06-27T23:14:18,1029.4,44.7,72,0.676,0.468,0.001,14,00 03 64 00
2026-06-27T23:14:19,1030.7,44.7,72,0.676,0.4638,-0.016,14,00 03 64 00
2026-06-27T23:14:20,1032.0,44.1,71,0.6759,0.4599,-0.028,14,00 03 64 00
2026-06-27T23:14:22,1033.4,44.1,71,0.6759,0.4569,0.009,14,00 03 64 00
2026-06-27T23:14:23,1034.7,43.5,70,0.6758,0.4543,-0.028,14,00 03 64 00
2026-06-27T23:14:24,1036.0,43.5,70,0.6758,0.4522,-0.032,14,00 03 64 00
2026-06-27T23:14:26,1037.3,42.9,69,0.6757,0.4503,0.044,14,00 03 64 00
2026-06-27T23:14:27,1038.7,42.9,69,0.6757,0.4486,0.03,14,00 03 64 00
2026-06-27T23:14:28,1040.0,43.5,70,0.6756,0.4471,-0.052,14,00 03 64 00
2026-06-27T23:14:30,1041.3,44.1,71,0.6756,0.4459,-0.014,14,00 03 64 00
2026-06-27T23:14:31,1042.7,43.5,70,0.6755,0.4448,0.0,14,00 03 64 00
2026-06-27T23:14:32,1044.0,43.5,70,0.6755,0.444,-0.001,14,00 03 64 00
2026-06-27T23:14:34,1045.3,43.5,70,0.6754,0.4434,0.026,14,00 03 64 00
2026-06-27T23:14:35,1046.7,43.5,70,0.6754,0.4428,0.011,14,00 03 64 00
2026-06-27T23:14:36,1048.0,43.5,70,0.6753,0.4423,-0.011,14,00 03 64 00
2026-06-27T23:14:38,1049.3,44.1,71,0.6752,0.4419,0.011,14,00 03 64 00
2026-06-27T23:14:39,1050.6,44.1,71,0.6752,0.4415,0.054,14,00 03 64 00
2026-06-27T23:14:40,1052.0,44.1,71,0.6751,0.4412,-0.018,14,00 03 64 00
2026-06-27T23:14:42,1053.3,44.1,71,0.6751,0.441,-0.065,14,00 03 64 00
2026-06-27T23:14:43,1054.6,43.5,70,0.675,0.4408,0.006,14,00 03 64 00
2026-06-27T23:14:44,1056.0,42.9,69,0.675,0.4406,-0.006,14,00 03 64 00
2026-06-27T23:14:46,1057.3,42.9,69,0.6749,0.4404,-0.001,14,00 03 64 00
2026-06-27T23:14:47,1058.6,42.3,68,0.6748,0.4403,0.03,14,00 03 64 00
2026-06-27T23:14:48,1060.0,41.6,67,0.6748,0.4402,-0.012,14,00 03 64 00
2026-06-27T23:14:50,1061.3,41.6,67,0.6747,0.4401,-0.063,14,00 03 64 00
2026-06-27T23:14:51,1062.6,41.0,66,0.6747,0.44,-0.034,14,00 03 64 00
2026-06-27T23:14:52,1063.9,39.1,63,0.6746,0.44,0.004,14,00 03 64 00
2026-06-27T23:14:54,1065.3,38.5,62,0.6746,0.4399,-0.008,14,00 03 64 00
2026-06-27T23:14:55,1066.6,36.7,59,0.6746,0.4399,0.011,14,00 03 64 00
2026-06-27T23:14:56,1067.9,34.8,56,0.6745,0.4399,0.014,14,00 03 64 00
2026-06-27T23:14:58,1069.3,31.1,50,0.6745,0.4398,-0.014,14,00 03 64 00
2026-06-27T23:14:59,1070.6,28.6,46,0.6744,0.4398,0.02,14,00 03 64 00
2026-06-27T23:15:00,1071.9,24.2,39,0.6743,0.4398,-0.085,14,00 03 64 00
2026-06-27T23:15:02,1073.3,20.5,33,0.6743,0.4398,-0.068,14,00 03 64 00
2026-06-27T23:15:03,1074.6,15.5,25,0.6742,0.4397,-0.319,14,00 03 64 00
2026-06-27T23:15:04,1075.9,12.4,20,0.6742,0.4397,-2.038,14,00 03 64 00
2026-06-27T23:15:06,1077.2,9.9,16,0.6741,0.4397,-5.091,14,00 03 64 00
2026-06-27T23:15:07,1078.6,9.9,16,0.6741,0.4397,-5.788,14,00 03 64 00
2026-06-27T23:15:08,1079.9,12.4,20,0.674,0.4397,-2.367,14,00 03 64 00
2026-06-27T23:15:10,1081.2,14.9,24,0.674,0.4397,-0.904,14,00 03 64 00
2026-06-27T23:15:11,1082.6,16.8,27,0.6739,0.4397,0.034,14,00 03 64 00
2026-06-27T23:15:12,1083.9,16.2,26,0.6738,0.4397,0.081,14,00 03 64 00
2026-06-27T23:15:14,1085.2,14.3,23,0.6738,0.4397,-0.018,14,00 03 64 00
2026-06-27T23:15:15,1086.6,12.4,20,0.6738,0.4397,-1.128,14,00 03 64 00
2026-06-27T23:15:16,1087.9,8.7,14,0.6737,0.4397,-4.53,14,00 03 64 00
2026-06-27T23:15:18,1089.2,6.8,11,0.6737,0.4397,-5.666,14,00 03 64 00
2026-06-27T23:15:19,1090.5,6.8,11,0.6736,0.4397,-5.924,14,00 03 64 00
2026-06-27T23:15:20,1091.9,9.3,15,0.6735,0.4397,-3.755,14,00 03 64 00
2026-06-27T23:15:22,1093.2,12.4,20,0.6735,0.4397,-0.217,14,00 03 64 00
2026-06-27T23:15:23,1094.5,15.5,25,0.6734,0.4397,-0.042,14,00 03 64 00
2026-06-27T23:15:24,1095.9,16.2,26,0.6734,0.4397,-0.095,14,00 03 64 00
2026-06-27T23:15:26,1097.2,16.2,26,0.6733,0.4397,-0.105,14,00 03 64 00
2026-06-27T23:15:27,1098.5,18.0,29,0.6733,0.4397,-0.102,14,00 03 64 00
2026-06-27T23:15:28,1099.8,19.9,32,0.6732,0.4397,-0.02,14,00 03 64 00
2026-06-27T23:15:30,1101.2,19.9,32,0.6732,0.4397,-0.042,14,00 03 64 00
2026-06-27T23:15:31,1102.5,21.1,34,0.6731,0.4397,0.009,14,00 03 64 00
2026-06-27T23:15:32,1103.8,21.1,34,0.673,0.4397,0.011,14,00 03 64 00
2026-06-27T23:15:34,1105.2,20.5,33,0.673,0.4397,0.071,14,00 03 64 00
2026-06-27T23:15:35,1106.5,19.9,32,0.6729,0.4397,0.085,14,00 03 64 00
2026-06-27T23:15:36,1107.8,20.5,33,0.6729,0.4397,-0.101,14,00 03 64 00
2026-06-27T23:15:38,1109.1,21.1,34,0.6728,0.4397,0.0,14,00 03 64 00
2026-06-27T23:15:39,1110.5,20.5,33,0.6728,0.4397,0.003,14,00 03 64 00
2026-06-27T23:15:40,1111.8,19.9,32,0.6728,0.4397,0.001,14,00 03 64 00
2026-06-27T23:15:42,1113.1,19.3,31,0.6727,0.4456,0.059,14,00 03 64 00
2026-06-27T23:15:43,1114.5,18.0,29,0.6727,0.447,0.006,14,00 03 64 00
2026-06-27T23:15:44,1115.8,15.5,25,0.6727,0.4551,-0.179,14,00 03 64 00
2026-06-27T23:15:46,1117.1,13.7,22,0.6726,0.462,-0.888,14,00 03 64 00
2026-06-27T23:15:47,1118.5,11.8,19,0.6726,0.4681,-1.78,14,00 03 64 00
2026-06-27T23:15:48,1119.8,9.3,15,0.6725,0.4732,-4.62,14,00 03 64 00
2026-06-27T23:15:50,1121.1,9.9,16,0.6725,0.4778,-4.835,14,00 03 64 00
2026-06-27T23:15:51,1122.4,10.6,17,0.6725,0.4814,-3.684,14,00 03 64 00
2026-06-27T23:15:52,1123.8,13.0,21,0.6724,0.4841,-1.145,14,00 03 64 00
2026-06-27T23:15:54,1125.1,14.9,24,0.6724,0.4855,-0.062,14,00 03 64 00
2026-06-27T23:15:55,1126.4,16.8,27,0.6723,0.4793,-0.131,14,00 03 64 00
2026-06-27T23:15:56,1127.8,16.2,26,0.6723,0.4735,-0.238,14,00 03 64 00
2026-06-27T23:15:58,1129.1,11.8,19,0.6722,0.4701,-0.257,14,00 03 64 00
2026-06-27T23:15:59,1130.4,6.8,11,0.6722,0.4656,0.034,14,00 03 64 00
2026-06-27T23:16:00,1131.8,3.7,6,0.6721,0.4618,1.31,14,00 03 64 00
2026-06-27T23:16:02,1133.1,1.9,3,0.6721,0.4581,2.859,14,00 03 64 00
2026-06-27T23:16:03,1134.4,1.9,3,0.672,0.4553,6.394,14,00 03 64 00
2026-06-27T23:16:04,1135.7,5.6,9,0.672,0.4531,7.707,14,00 03 64 00
2026-06-27T23:16:05,1137.1,9.3,15,0.6719,0.4518,6.161,14,00 03 64 00
2026-06-27T23:16:07,1138.4,12.4,20,0.6719,0.4508,2.865,14,00 03 64 00
2026-06-27T23:16:08,1139.7,16.2,26,0.6718,0.4499,0.697,14,00 03 64 00
2026-06-27T23:16:09,1141.1,19.3,31,0.6718,0.4491,0.07,14,00 03 64 00
2026-06-27T23:16:11,1142.4,22.4,36,0.6717,0.4485,0.008,14,00 03 64 00
2026-06-27T23:16:12,1143.7,25.5,41,0.6717,0.4481,0.001,14,00 03 64 00
2026-06-27T23:16:13,1145.1,28.0,45,0.6716,0.4477,0.022,14,00 03 64 00
2026-06-27T23:16:15,1146.4,30.4,49,0.6716,0.4474,0.028,14,00 03 64 00
2026-06-27T23:16:16,1147.7,32.3,52,0.6715,0.4472,-0.044,14,00 03 64 00
2026-06-27T23:16:17,1149.0,33.6,54,0.6715,0.447,0.011,14,00 03 64 00
2026-06-27T23:16:19,1150.4,34.8,56,0.6714,0.4469,0.001,14,00 03 64 00
2026-06-27T23:16:20,1151.7,36.7,59,0.6714,0.4467,0.009,14,00 03 64 00
2026-06-27T23:16:21,1153.0,37.9,61,0.6713,0.4466,0.034,14,00 03 64 00
2026-06-27T23:16:23,1154.4,39.1,63,0.6713,0.4486,0.011,14,00 03 64 00
2026-06-27T23:16:24,1155.7,41.0,66,0.6712,0.4481,-0.008,14,00 03 64 00
2026-06-27T23:16:25,1157.0,42.3,68,0.6712,0.4477,-0.011,14,00 03 64 00
2026-06-27T23:16:27,1158.4,44.1,71,0.6711,0.4512,-0.016,14,00 03 64 00
2026-06-27T23:16:28,1159.7,45.4,73,0.671,0.4597,0.03,14,00 03 64 00
2026-06-27T23:16:29,1161.0,45.4,73,0.671,0.4668,0.113,14,00 03 64 00
2026-06-27T23:16:31,1162.3,44.7,72,0.671,0.4728,-0.018,14,00 03 64 00
2026-06-27T23:16:32,1163.7,44.7,72,0.6709,0.4774,0.006,14,00 03 64 00
2026-06-27T23:16:33,1165.0,45.4,73,0.6709,0.482,-0.062,14,00 03 64 00
2026-06-27T23:16:35,1166.3,45.4,73,0.6708,0.4853,-0.006,14,00 03 64 00
2026-06-27T23:16:36,1167.7,44.7,72,0.6708,0.4883,0.008,14,00 03 64 00
2026-06-27T23:16:37,1169.0,45.4,73,0.6707,0.4912,0.056,14,00 03 64 00
2026-06-27T23:16:39,1170.3,44.7,72,0.6707,0.4933,0.012,14,00 03 64 00
2026-06-27T23:16:40,1171.7,44.7,72,0.6707,0.4954,-0.011,14,00 03 64 00
2026-06-27T23:16:41,1173.0,44.7,72,0.6706,0.497,-0.034,14,00 03 64 00
2026-06-27T23:16:43,1174.3,44.1,71,0.6706,0.4983,0.006,14,00 03 64 00
2026-06-27T23:16:44,1175.6,43.5,70,0.6705,0.4993,0.028,14,00 03 64 00
2026-06-27T23:16:45,1177.0,44.1,71,0.6705,0.5,0.017,14,00 03 64 00
2026-06-27T23:16:47,1178.3,44.1,71,0.6705,0.5007,0.003,14,00 03 64 00
2026-06-27T23:16:48,1179.6,44.7,72,0.6704,0.5012,0.006,14,00 03 64 00
2026-06-27T23:16:49,1181.0,44.7,72,0.6704,0.5016,0.028,14,00 03 64 00
2026-06-27T23:16:51,1182.3,46.0,74,0.6703,0.502,0.02,14,00 03 64 00
2026-06-27T23:16:52,1183.6,45.4,73,0.6703,0.5023,-0.012,14,00 03 64 00
2026-06-27T23:16:53,1185.0,45.4,73,0.6703,0.5026,0.032,14,00 03 64 00
2026-06-27T23:16:55,1186.3,45.4,73,0.6702,0.5028,-0.056,14,00 03 64 00
2026-06-27T23:16:56,1187.6,45.4,73,0.6702,0.503,-0.028,14,00 03 64 00
2026-06-27T23:16:57,1188.9,46.0,74,0.6702,0.5032,0.044,14,00 03 64 00
2026-06-27T23:16:59,1190.3,46.0,74,0.6701,0.5034,0.038,14,00 03 64 00
2026-06-27T23:17:00,1191.6,45.4,73,0.6701,0.5035,0.003,14,00 03 64 00
2026-06-27T23:17:01,1192.9,45.4,73,0.67,0.5036,-0.011,14,00 03 64 00
2026-06-27T23:17:03,1194.3,45.4,73,0.67,0.5037,-0.009,14,00 03 64 00
2026-06-27T23:17:04,1195.6,45.4,73,0.67,0.5038,0.026,14,00 03 64 00
2026-06-27T23:17:05,1196.9,46.0,74,0.6699,0.5038,-0.017,14,00 03 64 00
2026-06-27T23:17:07,1198.3,46.0,74,0.6699,0.5039,-0.016,14,00 03 64 00
2026-06-27T23:17:08,1199.6,45.4,73,0.6699,0.5039,0.042,14,00 03 64 00
